<?xml version="1.0" encoding="utf-8" ?>
<manifest xmlns="http://www.imsglobal.org/xsd/imscp_v1p1"
          xmlns:xsi="http://www.w3.org/2001/XMLSchema-instance"
          xmlns:adlcp="http://www.adlnet.org/xsd/adlcp_rootv1p2"
          xmlns:cwsp="http://www.dspace.org/xmlns/cwspace_imscp"
          xmlns:ocw="http://ocw.mit.edu/xmlns/ocw_imscp"
          xmlns:lom="http://ocw.mit.edu/xmlns/LOM"
          identifier="urn_edu.mit.ocw_14-385-nonlinear-econometric-analysis-fall-2007"
          version="2013-11-28T18:50:49"
          cwsp:packageType="Course"
          xml:base="14-385-fall-2007/"
          xsi:schemaLocation="http://www.imsglobal.org/xsd/imscp_v1p1 http://www.imsglobal.org/xsd/imscp_v1p1.xsd  http://www.adlnet.org/xsd/adlcp_rootv1p2 http://www.adlnet.org/xsd/adlcp_rootv1p2.xsd http://www.dspace.org/xmlns/cwspace_imscp http://www.dspace.org/xsd/cwspace_imscp/version10/cwspace_imscpv10.xsd http://ocw.mit.edu/xmlns/ocw_imscp http://ocw.mit.edu/xsd/ocw_imscp/version10/ocw_imscpv10.xsd http://ocw.mit.edu/xmlns/LOM http://ocw.mit.edu/xsd/LOM/lomv1.0/lomv1.0.xsd">
   	<metadata>
   		<schema>IMS Content</schema>
        <schemaversion>1.1</schemaversion>
        <cwsp:packageMetadata>
            <cwsp:sourceSystem>OCW</cwsp:sourceSystem>
            <cwsp:profile>CWSpace</cwsp:profile>
            <cwsp:profileVersion>0.1</cwsp:profileVersion>
        </cwsp:packageMetadata>
        <lom:general uniqueElementName="general">
            <lom:title uniqueElementName="title">
				<lom:string language="en">Nonlinear Econometric Analysis</lom:string>
			</lom:title>
			<lom:identifier>
				<lom:catalog uniqueElementName="catalog">OCW Master Course Number</lom:catalog>
		      	<lom:entry uniqueElementName="entry">14.385</lom:entry>
			</lom:identifier>
        </lom:general>
        <lom:lifecycle uniqueElementName="lifeCycle">
            <lom:version uniqueElementName="version">
				<lom:string language="en">Fall 2007</lom:string>
			</lom:version>
            <lom:contribute>
	            <lom:role>
	                <lom:source uniqueElementName="source">OCW_LOMv1.0</lom:source>
	                <lom:value uniqueElementName="value">Author</lom:value>
	            </lom:role>
	            <lom:entity>Chernozhukov, Victor</lom:entity>
	            <lom:date uniqueElementName="date">
	                <lom:dateTime uniqueElementName="dateTime">2013-11-28</lom:dateTime>
	            </lom:date>
        	</lom:contribute>
            <lom:contribute>
	            <lom:role>
	                <lom:source uniqueElementName="source">OCW_LOMv1.0</lom:source>
	                <lom:value uniqueElementName="value">Author</lom:value>
	            </lom:role>
	            <lom:entity>Newey, Whitney</lom:entity>
	            <lom:date uniqueElementName="date">
	                <lom:dateTime uniqueElementName="dateTime">2013-11-28</lom:dateTime>
	            </lom:date>
        	</lom:contribute>
        </lom:lifecycle>
        <lom:taxonPath>
            <lom:source uniqueElementName="source">
                <lom:string language="en">OCW Course Categories</lom:string>
            </lom:source>
            <lom:taxon>
                <lom:entry uniqueElementName="entry">
                    <lom:string language="en">Social Science</lom:string>
                </lom:entry>
            </lom:taxon>
            <lom:taxon>
                <lom:entry uniqueElementName="entry">
                    <lom:string language="en">Economics</lom:string>
                </lom:entry>
            </lom:taxon>
            <lom:taxon>
                <lom:entry uniqueElementName="entry">
                    <lom:string language="en">Microeconomics</lom:string>
                </lom:entry>
            </lom:taxon>
        </lom:taxonPath>
        <lom:taxonPath>
            <lom:source uniqueElementName="source">
                <lom:string language="en">OCW Course Categories</lom:string>
            </lom:source>
            <lom:taxon>
                <lom:entry uniqueElementName="entry">
                    <lom:string language="en">Social Science</lom:string>
                </lom:entry>
            </lom:taxon>
            <lom:taxon>
                <lom:entry uniqueElementName="entry">
                    <lom:string language="en">Economics</lom:string>
                </lom:entry>
            </lom:taxon>
            <lom:taxon>
                <lom:entry uniqueElementName="entry">
                    <lom:string language="en">Econometrics</lom:string>
                </lom:entry>
            </lom:taxon>
        </lom:taxonPath>
        <lom:taxonPath>
            <lom:source uniqueElementName="source">
                <lom:string language="en">OCW Course Categories</lom:string>
            </lom:source>
            <lom:taxon>
                <lom:entry uniqueElementName="entry">
                    <lom:string language="en">Mathematics</lom:string>
                </lom:entry>
            </lom:taxon>
            <lom:taxon>
                <lom:entry uniqueElementName="entry">
                    <lom:string language="en">Probability and Statistics</lom:string>
                </lom:entry>
            </lom:taxon>
            
        </lom:taxonPath>        
        <adlcp:location>contents/index.htm.xml</adlcp:location>
    </metadata>
    <organizations default="ocw_14-385-nonlinear-econometric-analysis-fall-2007">
        <organization identifier="ocw_14-385-nonlinear-econometric-analysis-fall-2007">
            <title>Nonlinear Econometric Analysis</title>
            <item identifier="i_14-385-nonlinear-econometric-analysis-fall-2007.CourseHome"
                  identifierref="r_contents.index.htm"
                  ocw:sectionTemplateType="CourseHomePage"
                  ocw:sectionTemplateVersion="2013-11-28">
				<title>Nonlinear Econometric Analysis</title>
				<item identifier="i_14-385-nonlinear-econometric-analysis-fall-2007.14-385f07.jpg"
          identifierref="r_contents.14-385f07.jpg">
				<title>14-385f07.jpg</title>
				</item>
				<item identifier="i_14-385-nonlinear-econometric-analysis-fall-2007.14-385f07-th.jpg"
          identifierref="r_contents.14-385f07-th.jpg">
				<title>14-385f07-th.jpg</title>
				</item>
			</item>
            <item identifier="i_14-385-nonlinear-econometric-analysis-fall-2007.syllabus"
                  identifierref="r_contents.syllabus.index.htm"
                  ocw:sectionTemplateType="CourseSection"
                  ocw:sectionTemplateVersion="2013-11-28">
				<title>Syllabus</title>
			</item>
            <item identifier="i_14-385-nonlinear-econometric-analysis-fall-2007.readings"
                  identifierref="r_contents.readings.index.htm"
                  ocw:sectionTemplateType="CourseSection"
                  ocw:sectionTemplateVersion="2013-11-28">
				<title>Readings</title>
			</item>
            <item identifier="i_14-385-nonlinear-econometric-analysis-fall-2007.lecture-notes"
                  identifierref="r_contents.lecture-notes.index.htm"
                  ocw:sectionTemplateType="CourseSection"
                  ocw:sectionTemplateVersion="2013-11-28">
				<title>Lecture Notes</title>
				<item identifier="i_14-385-nonlinear-econometric-analysis-fall-2007.lecture-notes.lec20_treat1.pdf"
          identifierref="r_contents.lecture-notes.lec20_treat1.pdf">
				<title>lec20_treat1.pdf</title>
				</item>
				<item identifier="i_14-385-nonlinear-econometric-analysis-fall-2007.lecture-notes.notes_nonsemi.pdf"
          identifierref="r_contents.lecture-notes.notes_nonsemi.pdf">
				<title>notes_nonsemi.pdf</title>
				</item>
				<item identifier="i_14-385-nonlinear-econometric-analysis-fall-2007.lecture-notes.lecture06.pdf"
          identifierref="r_contents.lecture-notes.lecture06.pdf">
				<title>lecture06.pdf</title>
				</item>
				<item identifier="i_14-385-nonlinear-econometric-analysis-fall-2007.lecture-notes.lec14_gmm.pdf"
          identifierref="r_contents.lecture-notes.lec14_gmm.pdf">
				<title>lec14_gmm.pdf</title>
				</item>
				<item identifier="i_14-385-nonlinear-econometric-analysis-fall-2007.lecture-notes.lec18_19_semipar.pdf"
          identifierref="r_contents.lecture-notes.lec18_19_semipar.pdf">
				<title>lec18_19_semipar.pdf</title>
				</item>
				<item identifier="i_14-385-nonlinear-econometric-analysis-fall-2007.lecture-notes.lecture01.pdf"
          identifierref="r_contents.lecture-notes.lecture01.pdf">
				<title>lecture01.pdf</title>
				</item>
				<item identifier="i_14-385-nonlinear-econometric-analysis-fall-2007.lecture-notes.lecture12.pdf"
          identifierref="r_contents.lecture-notes.lecture12.pdf">
				<title>lecture12.pdf</title>
				</item>
				<item identifier="i_14-385-nonlinear-econometric-analysis-fall-2007.lecture-notes.lecture07.pdf"
          identifierref="r_contents.lecture-notes.lecture07.pdf">
				<title>lecture07.pdf</title>
				</item>
				<item identifier="i_14-385-nonlinear-econometric-analysis-fall-2007.lecture-notes.notes_gmm.pdf"
          identifierref="r_contents.lecture-notes.notes_gmm.pdf">
				<title>notes_gmm.pdf</title>
				</item>
				<item identifier="i_14-385-nonlinear-econometric-analysis-fall-2007.lecture-notes.lecture09.pdf"
          identifierref="r_contents.lecture-notes.lecture09.pdf">
				<title>lecture09.pdf</title>
				</item>
				<item identifier="i_14-385-nonlinear-econometric-analysis-fall-2007.lecture-notes.lec21_22_nlpan.pdf"
          identifierref="r_contents.lecture-notes.lec21_22_nlpan.pdf">
				<title>lec21_22_nlpan.pdf</title>
				</item>
				<item identifier="i_14-385-nonlinear-econometric-analysis-fall-2007.lecture-notes.lecture03.pdf"
          identifierref="r_contents.lecture-notes.lecture03.pdf">
				<title>lecture03.pdf</title>
				</item>
				<item identifier="i_14-385-nonlinear-econometric-analysis-fall-2007.lecture-notes.lec20_treat2.pdf"
          identifierref="r_contents.lecture-notes.lec20_treat2.pdf">
				<title>lec20_treat2.pdf</title>
				</item>
				<item identifier="i_14-385-nonlinear-econometric-analysis-fall-2007.lecture-notes.lec16_17_nonpar.pdf"
          identifierref="r_contents.lecture-notes.lec16_17_nonpar.pdf">
				<title>lec16_17_nonpar.pdf</title>
				</item>
				<item identifier="i_14-385-nonlinear-econometric-analysis-fall-2007.lecture-notes.lecture08.pdf"
          identifierref="r_contents.lecture-notes.lecture08.pdf">
				<title>lecture08.pdf</title>
				</item>
				<item identifier="i_14-385-nonlinear-econometric-analysis-fall-2007.lecture-notes.lecture04.pdf"
          identifierref="r_contents.lecture-notes.lecture04.pdf">
				<title>lecture04.pdf</title>
				</item>
				<item identifier="i_14-385-nonlinear-econometric-analysis-fall-2007.lecture-notes.local_lin_reg.pdf"
          identifierref="r_contents.lecture-notes.local_lin_reg.pdf">
				<title>local_lin_reg.pdf</title>
				</item>
				<item identifier="i_14-385-nonlinear-econometric-analysis-fall-2007.lecture-notes.lec23_25_deic.pdf"
          identifierref="r_contents.lecture-notes.lec23_25_deic.pdf">
				<title>lec23_25_deic.pdf</title>
				</item>
				<item identifier="i_14-385-nonlinear-econometric-analysis-fall-2007.lecture-notes.lec13_gmm.pdf"
          identifierref="r_contents.lecture-notes.lec13_gmm.pdf">
				<title>lec13_gmm.pdf</title>
				</item>
				<item identifier="i_14-385-nonlinear-econometric-analysis-fall-2007.lecture-notes.notes_treat.pdf"
          identifierref="r_contents.lecture-notes.notes_treat.pdf">
				<title>notes_treat.pdf</title>
				</item>
				<item identifier="i_14-385-nonlinear-econometric-analysis-fall-2007.lecture-notes.lecture05.pdf"
          identifierref="r_contents.lecture-notes.lecture05.pdf">
				<title>lecture05.pdf</title>
				</item>
				<item identifier="i_14-385-nonlinear-econometric-analysis-fall-2007.lecture-notes.lecture02.pdf"
          identifierref="r_contents.lecture-notes.lecture02.pdf">
				<title>lecture02.pdf</title>
				</item>
				<item identifier="i_14-385-nonlinear-econometric-analysis-fall-2007.lecture-notes.lecture10_11.pdf"
          identifierref="r_contents.lecture-notes.lecture10_11.pdf">
				<title>lecture10_11.pdf</title>
				</item>
			</item>
            <item identifier="i_14-385-nonlinear-econometric-analysis-fall-2007.assignments"
                  identifierref="r_contents.assignments.index.htm"
                  ocw:sectionTemplateType="CourseSection"
                  ocw:sectionTemplateVersion="2013-11-28">
				<title>Assignments</title>
				<item identifier="i_14-385-nonlinear-econometric-analysis-fall-2007.assignments.385a_ps3_07.pdf"
          identifierref="r_contents.assignments.385a_ps3_07.pdf">
				<title>385a_ps3_07.pdf</title>
				</item>
				<item identifier="i_14-385-nonlinear-econometric-analysis-fall-2007.assignments.385a_ps2_07.pdf"
          identifierref="r_contents.assignments.385a_ps2_07.pdf">
				<title>385a_ps2_07.pdf</title>
				</item>
				<item identifier="i_14-385-nonlinear-econometric-analysis-fall-2007.assignments.engel.r"
          identifierref="r_contents.assignments.engel.r">
				<title>engel.r</title>
				</item>
				<item identifier="i_14-385-nonlinear-econometric-analysis-fall-2007.assignments.385b_ps3_07.pdf"
          identifierref="r_contents.assignments.385b_ps3_07.pdf">
				<title>385b_ps3_07.pdf</title>
				</item>
				<item identifier="i_14-385-nonlinear-econometric-analysis-fall-2007.assignments.mcmc.txt"
          identifierref="r_contents.assignments.mcmc.txt">
				<title>mcmc.txt</title>
				</item>
				<item identifier="i_14-385-nonlinear-econometric-analysis-fall-2007.assignments.385b_ps1_07.pdf"
          identifierref="r_contents.assignments.385b_ps1_07.pdf">
				<title>385b_ps1_07.pdf</title>
				</item>
				<item identifier="i_14-385-nonlinear-econometric-analysis-fall-2007.assignments.women.txt"
          identifierref="r_contents.assignments.women.txt">
				<title>women.txt</title>
				</item>
				<item identifier="i_14-385-nonlinear-econometric-analysis-fall-2007.assignments.men.txt"
          identifierref="r_contents.assignments.men.txt">
				<title>men.txt</title>
				</item>
				<item identifier="i_14-385-nonlinear-econometric-analysis-fall-2007.assignments.penn46.ascii"
          identifierref="r_contents.assignments.penn46.ascii">
				<title>penn46.ascii</title>
				</item>
				<item identifier="i_14-385-nonlinear-econometric-analysis-fall-2007.assignments.385b_ps2_07.pdf"
          identifierref="r_contents.assignments.385b_ps2_07.pdf">
				<title>385b_ps2_07.pdf</title>
				</item>
				<item identifier="i_14-385-nonlinear-econometric-analysis-fall-2007.assignments.newey_discrete.pdf"
          identifierref="r_contents.assignments.newey_discrete.pdf">
				<title>newey_discrete.pdf</title>
				</item>
				<item identifier="i_14-385-nonlinear-econometric-analysis-fall-2007.assignments.385a_ps1_07.pdf"
          identifierref="r_contents.assignments.385a_ps1_07.pdf">
				<title>385a_ps1_07.pdf</title>
				</item>
				<item identifier="i_14-385-nonlinear-econometric-analysis-fall-2007.assignments.engle.csv"
          identifierref="r_contents.assignments.engle.csv">
				<title>engle.csv</title>
				</item>
			</item>
            <item identifier="i_14-385-nonlinear-econometric-analysis-fall-2007.exams"
                  identifierref="r_contents.exams.index.htm"
                  ocw:sectionTemplateType="CourseSection"
                  ocw:sectionTemplateVersion="2013-11-28">
				<title>Exams</title>
				<item identifier="i_14-385-nonlinear-econometric-analysis-fall-2007.exams.midterm_exam2007.pdf"
          identifierref="r_contents.exams.midterm_exam2007.pdf">
				<title>midterm_exam2007.pdf</title>
				</item>
				<item identifier="i_14-385-nonlinear-econometric-analysis-fall-2007.exams.sample_exam.pdf"
          identifierref="r_contents.exams.sample_exam.pdf">
				<title>sample_exam.pdf</title>
				</item>
			</item>
            <item identifier="i_terms"
                  identifierref="r_common.terms.index.htm"
                  ocw:sectionTemplateType="GlobalSection"
                  ocw:sectionTemplateVersion="2013-11-28">
				<title>Legal Notices</title>
			</item>
            <item identifier="i_terms"
                  identifierref="r_common.terms.index.htm"
                  ocw:sectionTemplateType="GlobalSection"
                  ocw:sectionTemplateVersion="2013-11-28">
				<title>Privacy Statement</title>
			</item>
            <item identifier="i_terms.trademarks"
                  identifierref="r_common.terms.trademarks.index.htm"
                  ocw:sectionTemplateType="GlobalSection"
                  ocw:sectionTemplateVersion="2013-11-28">
				<title>Trademark Notices</title>
			</item>
        </organization>
    </organizations>
    <resources>
        <resource identifier="r_contents.lecture-notes.lec23_25_deic.pdf"
                  type="other"
                  href="contents/lecture-notes/lec23_25_deic.pdf">
            <metadata>
                <adlcp:location>contents/lecture-notes/lec23_25_deic.pdf.xml</adlcp:location>
            </metadata>
            <file href="contents/lecture-notes/lec23_25_deic.pdf"/>
                        
        </resource>
        <resource identifier="r_contents.assignments.men.txt"
                  type="other"
                  href="contents/assignments/men.txt">
            <metadata>
                <adlcp:location>contents/assignments/men.txt.xml</adlcp:location>
            </metadata>
            <file href="contents/assignments/men.txt"/>
                        
        </resource>
        <resource identifier="r_contents.assignments.385b_ps3_07.pdf"
                  type="other"
                  href="contents/assignments/385b_ps3_07.pdf">
            <metadata>
                <adlcp:location>contents/assignments/385b_ps3_07.pdf.xml</adlcp:location>
            </metadata>
            <file href="contents/assignments/385b_ps3_07.pdf"/>
                        
        </resource>
        <resource identifier="r_contents.exams.midterm_exam2007.pdf"
                  type="other"
                  href="contents/exams/midterm_exam2007.pdf">
            <metadata>
                <adlcp:location>contents/exams/midterm_exam2007.pdf.xml</adlcp:location>
            </metadata>
            <file href="contents/exams/midterm_exam2007.pdf"/>
                        
        </resource>
        <resource identifier="r_contents.14-385f07-th.jpg"
                  type="other"
                  href="contents/14-385f07-th.jpg">
            <metadata>
                <adlcp:location>contents/14-385f07-th.jpg.xml</adlcp:location>
            </metadata>
            <file href="contents/14-385f07-th.jpg"/>
                        
        </resource>
        <resource identifier="r_contents.lecture-notes.lec16_17_nonpar.pdf"
                  type="other"
                  href="contents/lecture-notes/lec16_17_nonpar.pdf">
            <metadata>
                <adlcp:location>contents/lecture-notes/lec16_17_nonpar.pdf.xml</adlcp:location>
            </metadata>
            <file href="contents/lecture-notes/lec16_17_nonpar.pdf"/>
                        
        </resource>
        <resource identifier="r_contents.lecture-notes.index.htm"
                  type="webcontent"
                  href="contents/lecture-notes/index.htm">
            <metadata>
                <adlcp:location>contents/lecture-notes/index.htm.xml</adlcp:location>
            </metadata>
            <file href="contents/lecture-notes/index.htm"/>
            <dependency identifierref="webrenderrequirements.14-385-nonlinear-econometric-analysis-fall-2007"/>            
        </resource>
        <resource identifier="r_contents.lecture-notes.lec13_gmm.pdf"
                  type="other"
                  href="contents/lecture-notes/lec13_gmm.pdf">
            <metadata>
                <adlcp:location>contents/lecture-notes/lec13_gmm.pdf.xml</adlcp:location>
            </metadata>
            <file href="contents/lecture-notes/lec13_gmm.pdf"/>
                        
        </resource>
        <resource identifier="r_contents.index.htm"
                  type="webcontent"
                  href="contents/index.htm">
            <metadata>
                <adlcp:location>contents/index.htm.xml</adlcp:location>
            </metadata>
            <file href="contents/index.htm"/>
            <dependency identifierref="webrenderrequirements.14-385-nonlinear-econometric-analysis-fall-2007"/>            
        </resource>
        <resource identifier="r_contents.exams.sample_exam.pdf"
                  type="other"
                  href="contents/exams/sample_exam.pdf">
            <metadata>
                <adlcp:location>contents/exams/sample_exam.pdf.xml</adlcp:location>
            </metadata>
            <file href="contents/exams/sample_exam.pdf"/>
                        
        </resource>
        <resource identifier="r_contents.assignments.engle.csv"
                  type="other"
                  href="contents/assignments/engle.csv">
            <metadata>
                <adlcp:location>contents/assignments/engle.csv.xml</adlcp:location>
            </metadata>
            <file href="contents/assignments/engle.csv"/>
                        
        </resource>
        <resource identifier="r_contents.lecture-notes.notes_nonsemi.pdf"
                  type="other"
                  href="contents/lecture-notes/notes_nonsemi.pdf">
            <metadata>
                <adlcp:location>contents/lecture-notes/notes_nonsemi.pdf.xml</adlcp:location>
            </metadata>
            <file href="contents/lecture-notes/notes_nonsemi.pdf"/>
                        
        </resource>
        <resource identifier="r_contents.assignments.385b_ps1_07.pdf"
                  type="other"
                  href="contents/assignments/385b_ps1_07.pdf">
            <metadata>
                <adlcp:location>contents/assignments/385b_ps1_07.pdf.xml</adlcp:location>
            </metadata>
            <file href="contents/assignments/385b_ps1_07.pdf"/>
                        
        </resource>
        <resource identifier="r_contents.assignments.penn46.ascii"
                  type="other"
                  href="contents/assignments/penn46.ascii">
            <metadata>
                <adlcp:location>contents/assignments/penn46.ascii.xml</adlcp:location>
            </metadata>
            <file href="contents/assignments/penn46.ascii"/>
                        
        </resource>
        <resource identifier="r_contents.lecture-notes.lecture05.pdf"
                  type="other"
                  href="contents/lecture-notes/lecture05.pdf">
            <metadata>
                <adlcp:location>contents/lecture-notes/lecture05.pdf.xml</adlcp:location>
            </metadata>
            <file href="contents/lecture-notes/lecture05.pdf"/>
                        
        </resource>
        <resource identifier="r_contents.lecture-notes.notes_gmm.pdf"
                  type="other"
                  href="contents/lecture-notes/notes_gmm.pdf">
            <metadata>
                <adlcp:location>contents/lecture-notes/notes_gmm.pdf.xml</adlcp:location>
            </metadata>
            <file href="contents/lecture-notes/notes_gmm.pdf"/>
                        
        </resource>
        <resource identifier="r_contents.assignments.newey_discrete.pdf"
                  type="other"
                  href="contents/assignments/newey_discrete.pdf">
            <metadata>
                <adlcp:location>contents/assignments/newey_discrete.pdf.xml</adlcp:location>
            </metadata>
            <file href="contents/assignments/newey_discrete.pdf"/>
                        
        </resource>
        <resource identifier="r_contents.lecture-notes.lecture10_11.pdf"
                  type="other"
                  href="contents/lecture-notes/lecture10_11.pdf">
            <metadata>
                <adlcp:location>contents/lecture-notes/lecture10_11.pdf.xml</adlcp:location>
            </metadata>
            <file href="contents/lecture-notes/lecture10_11.pdf"/>
                        
        </resource>
        <resource identifier="r_contents.lecture-notes.lecture01.pdf"
                  type="other"
                  href="contents/lecture-notes/lecture01.pdf">
            <metadata>
                <adlcp:location>contents/lecture-notes/lecture01.pdf.xml</adlcp:location>
            </metadata>
            <file href="contents/lecture-notes/lecture01.pdf"/>
                        
        </resource>
        <resource identifier="r_contents.lecture-notes.lec14_gmm.pdf"
                  type="other"
                  href="contents/lecture-notes/lec14_gmm.pdf">
            <metadata>
                <adlcp:location>contents/lecture-notes/lec14_gmm.pdf.xml</adlcp:location>
            </metadata>
            <file href="contents/lecture-notes/lec14_gmm.pdf"/>
                        
        </resource>
        <resource identifier="r_contents.assignments.385b_ps2_07.pdf"
                  type="other"
                  href="contents/assignments/385b_ps2_07.pdf">
            <metadata>
                <adlcp:location>contents/assignments/385b_ps2_07.pdf.xml</adlcp:location>
            </metadata>
            <file href="contents/assignments/385b_ps2_07.pdf"/>
                        
        </resource>
        <resource identifier="r_contents.lecture-notes.lecture09.pdf"
                  type="other"
                  href="contents/lecture-notes/lecture09.pdf">
            <metadata>
                <adlcp:location>contents/lecture-notes/lecture09.pdf.xml</adlcp:location>
            </metadata>
            <file href="contents/lecture-notes/lecture09.pdf"/>
                        
        </resource>
        <resource identifier="r_contents.assignments.mcmc.txt"
                  type="other"
                  href="contents/assignments/mcmc.txt">
            <metadata>
                <adlcp:location>contents/assignments/mcmc.txt.xml</adlcp:location>
            </metadata>
            <file href="contents/assignments/mcmc.txt"/>
                        
        </resource>
        <resource identifier="r_contents.lecture-notes.lec21_22_nlpan.pdf"
                  type="other"
                  href="contents/lecture-notes/lec21_22_nlpan.pdf">
            <metadata>
                <adlcp:location>contents/lecture-notes/lec21_22_nlpan.pdf.xml</adlcp:location>
            </metadata>
            <file href="contents/lecture-notes/lec21_22_nlpan.pdf"/>
                        
        </resource>
        <resource identifier="r_contents.lecture-notes.lecture08.pdf"
                  type="other"
                  href="contents/lecture-notes/lecture08.pdf">
            <metadata>
                <adlcp:location>contents/lecture-notes/lecture08.pdf.xml</adlcp:location>
            </metadata>
            <file href="contents/lecture-notes/lecture08.pdf"/>
                        
        </resource>
        <resource identifier="r_contents.assignments.engel.r"
                  type="other"
                  href="contents/assignments/engel.r">
            <metadata>
                <adlcp:location>contents/assignments/engel.r.xml</adlcp:location>
            </metadata>
            <file href="contents/assignments/engel.r"/>
                        
        </resource>
        <resource identifier="r_contents.syllabus.index.htm"
                  type="webcontent"
                  href="contents/syllabus/index.htm">
            <metadata>
                <adlcp:location>contents/syllabus/index.htm.xml</adlcp:location>
            </metadata>
            <file href="contents/syllabus/index.htm"/>
            <dependency identifierref="webrenderrequirements.14-385-nonlinear-econometric-analysis-fall-2007"/>            
        </resource>
        <resource identifier="r_contents.assignments.385a_ps1_07.pdf"
                  type="other"
                  href="contents/assignments/385a_ps1_07.pdf">
            <metadata>
                <adlcp:location>contents/assignments/385a_ps1_07.pdf.xml</adlcp:location>
            </metadata>
            <file href="contents/assignments/385a_ps1_07.pdf"/>
                        
        </resource>
        <resource identifier="r_contents.lecture-notes.lecture03.pdf"
                  type="other"
                  href="contents/lecture-notes/lecture03.pdf">
            <metadata>
                <adlcp:location>contents/lecture-notes/lecture03.pdf.xml</adlcp:location>
            </metadata>
            <file href="contents/lecture-notes/lecture03.pdf"/>
                        
        </resource>
        <resource identifier="r_contents.lecture-notes.lec18_19_semipar.pdf"
                  type="other"
                  href="contents/lecture-notes/lec18_19_semipar.pdf">
            <metadata>
                <adlcp:location>contents/lecture-notes/lec18_19_semipar.pdf.xml</adlcp:location>
            </metadata>
            <file href="contents/lecture-notes/lec18_19_semipar.pdf"/>
                        
        </resource>
        <resource identifier="r_contents.assignments.index.htm"
                  type="webcontent"
                  href="contents/assignments/index.htm">
            <metadata>
                <adlcp:location>contents/assignments/index.htm.xml</adlcp:location>
            </metadata>
            <file href="contents/assignments/index.htm"/>
            <dependency identifierref="webrenderrequirements.14-385-nonlinear-econometric-analysis-fall-2007"/>            
        </resource>
        <resource identifier="r_contents.lecture-notes.lec20_treat1.pdf"
                  type="other"
                  href="contents/lecture-notes/lec20_treat1.pdf">
            <metadata>
                <adlcp:location>contents/lecture-notes/lec20_treat1.pdf.xml</adlcp:location>
            </metadata>
            <file href="contents/lecture-notes/lec20_treat1.pdf"/>
                        
        </resource>
        <resource identifier="r_contents.14-385f07.jpg"
                  type="other" href="contents/14-385f07.jpg">
            <metadata>
                <adlcp:location>contents/14-385f07.jpg.xml</adlcp:location>
            </metadata>
            <file href="contents/14-385f07.jpg"/>
                        
        </resource>
        <resource identifier="r_contents.lecture-notes.lecture02.pdf"
                  type="other"
                  href="contents/lecture-notes/lecture02.pdf">
            <metadata>
                <adlcp:location>contents/lecture-notes/lecture02.pdf.xml</adlcp:location>
            </metadata>
            <file href="contents/lecture-notes/lecture02.pdf"/>
                        
        </resource>
        <resource identifier="r_contents.lecture-notes.lec20_treat2.pdf"
                  type="other"
                  href="contents/lecture-notes/lec20_treat2.pdf">
            <metadata>
                <adlcp:location>contents/lecture-notes/lec20_treat2.pdf.xml</adlcp:location>
            </metadata>
            <file href="contents/lecture-notes/lec20_treat2.pdf"/>
                        
        </resource>
        <resource identifier="r_contents.lecture-notes.local_lin_reg.pdf"
                  type="other"
                  href="contents/lecture-notes/local_lin_reg.pdf">
            <metadata>
                <adlcp:location>contents/lecture-notes/local_lin_reg.pdf.xml</adlcp:location>
            </metadata>
            <file href="contents/lecture-notes/local_lin_reg.pdf"/>
                        
        </resource>
        <resource identifier="r_contents.assignments.385a_ps3_07.pdf"
                  type="other"
                  href="contents/assignments/385a_ps3_07.pdf">
            <metadata>
                <adlcp:location>contents/assignments/385a_ps3_07.pdf.xml</adlcp:location>
            </metadata>
            <file href="contents/assignments/385a_ps3_07.pdf"/>
                        
        </resource>
        <resource identifier="r_contents.lecture-notes.lecture07.pdf"
                  type="other"
                  href="contents/lecture-notes/lecture07.pdf">
            <metadata>
                <adlcp:location>contents/lecture-notes/lecture07.pdf.xml</adlcp:location>
            </metadata>
            <file href="contents/lecture-notes/lecture07.pdf"/>
                        
        </resource>
        <resource identifier="r_contents.lecture-notes.lecture12.pdf"
                  type="other"
                  href="contents/lecture-notes/lecture12.pdf">
            <metadata>
                <adlcp:location>contents/lecture-notes/lecture12.pdf.xml</adlcp:location>
            </metadata>
            <file href="contents/lecture-notes/lecture12.pdf"/>
                        
        </resource>
        <resource identifier="r_contents.assignments.women.txt"
                  type="other"
                  href="contents/assignments/women.txt">
            <metadata>
                <adlcp:location>contents/assignments/women.txt.xml</adlcp:location>
            </metadata>
            <file href="contents/assignments/women.txt"/>
                        
        </resource>
        <resource identifier="r_contents.lecture-notes.notes_treat.pdf"
                  type="other"
                  href="contents/lecture-notes/notes_treat.pdf">
            <metadata>
                <adlcp:location>contents/lecture-notes/notes_treat.pdf.xml</adlcp:location>
            </metadata>
            <file href="contents/lecture-notes/notes_treat.pdf"/>
                        
        </resource>
        <resource identifier="r_contents.assignments.385a_ps2_07.pdf"
                  type="other"
                  href="contents/assignments/385a_ps2_07.pdf">
            <metadata>
                <adlcp:location>contents/assignments/385a_ps2_07.pdf.xml</adlcp:location>
            </metadata>
            <file href="contents/assignments/385a_ps2_07.pdf"/>
                        
        </resource>
        <resource identifier="r_contents.readings.index.htm"
                  type="webcontent"
                  href="contents/readings/index.htm">
            <metadata>
                <adlcp:location>contents/readings/index.htm.xml</adlcp:location>
            </metadata>
            <file href="contents/readings/index.htm"/>
            <dependency identifierref="webrenderrequirements.14-385-nonlinear-econometric-analysis-fall-2007"/>            
        </resource>
        <resource identifier="r_contents.exams.index.htm"
                  type="webcontent"
                  href="contents/exams/index.htm">
            <metadata>
                <adlcp:location>contents/exams/index.htm.xml</adlcp:location>
            </metadata>
            <file href="contents/exams/index.htm"/>
            <dependency identifierref="webrenderrequirements.14-385-nonlinear-econometric-analysis-fall-2007"/>            
        </resource>
        <resource identifier="r_contents.lecture-notes.lecture06.pdf"
                  type="other"
                  href="contents/lecture-notes/lecture06.pdf">
            <metadata>
                <adlcp:location>contents/lecture-notes/lecture06.pdf.xml</adlcp:location>
            </metadata>
            <file href="contents/lecture-notes/lecture06.pdf"/>
                        
        </resource>
        <resource identifier="r_contents.lecture-notes.lecture04.pdf"
                  type="other"
                  href="contents/lecture-notes/lecture04.pdf">
            <metadata>
                <adlcp:location>contents/lecture-notes/lecture04.pdf.xml</adlcp:location>
            </metadata>
            <file href="contents/lecture-notes/lecture04.pdf"/>
                        
        </resource>        
        <resource identifier="r_common.search.AdvancedSearch.htm"
                  type="webcontent"
                  href="common/search/AdvancedSearch.htm">
            <file href="common/search/AdvancedSearch.htm"/>
            <dependency identifierref="webrenderrequirements.14-385-nonlinear-econometric-analysis-fall-2007"/>            
        </resource>
        <resource identifier="r_common.jsp.feedback.htm"
                  type="webcontent"
                  href="common/jsp/feedback.htm">
            <file href="common/jsp/feedback.htm"/>
            <dependency identifierref="webrenderrequirements.14-385-nonlinear-econometric-analysis-fall-2007"/>            
        </resource>
        <resource identifier="r_common.terms.index.htm"
                  type="webcontent"
                  href="common/terms/index.htm">
            <file href="common/terms/share.png"/>
            <file href="common/terms/remix.png"/>
            <file href="common/terms/by.png"/>
            <file href="common/terms/nc.png"/>
            <file href="common/terms/sa.png"/>
            <file href="common/terms/deedheadyellow.png"/>
            <file href="common/terms/freedomsheader.png"/>
            <file href="common/terms/limitationsheader.png"/>
            <file href="common/terms/deedfootyellow.png"/>
            <dependency identifierref="webrenderrequirements.14-385-nonlinear-econometric-analysis-fall-2007"/>            
        </resource>
        <resource identifier="r_common.terms.trademarks.index.htm"
                  type="webcontent"
                  href="common/terms/trademarks/index.htm">
            <file href="common/terms/trademarks/index.htm"/>
            <dependency identifierref="webrenderrequirements.14-385-nonlinear-econometric-analysis-fall-2007"/>            
        </resource>
        <resource identifier="webrenderrequirements.14-385-nonlinear-econometric-analysis-fall-2007"
                  type="webcontent">
        	<file href="common/styles/base.css"/>
        	<file href="common/styles/courses.css"/>
        	<file href="common/styles/courses_new.css"/>
        	<file href="common/styles/global.css"/>
        	<file href="common/styles/grid.css"/>
        	<file href="common/styles/highslide.css"/>
        	<file href="common/styles/highslide-ie6.css"/>
        	<file href="common/styles/jquery.bubblepopup.css"/>
        	<file href="common/styles/jquery.jscrollpane.css"/>
        	<file href="common/styles/jquery-ui.css"/>
        	<file href="common/styles/menu.css"/>
        	<file href="common/styles/scholar2.css"/>
        	<file href="common/styles/media_tabs.css"/>
        	<file href="common/scripts/bubble-popup-offline.js"/>
        	<file href="common/scripts/common-utils-offline.js"/>
        	<file href="common/scripts/highslide-with-gallery.js"/>
        	<file href="common/scripts/jquery.bubblepopup.min.js"/>
        	<file href="common/scripts/jquery.jscrollpane.min.js"/>
        	<file href="common/scripts/jquery-ui.min.js"/>
        	<file href="common/scripts/jQuizMe-uncompressed.js"/>
        	<file href="common/scripts/ocw-offline.js"/>
        	<file href="common/scripts/expandy.js"/>
        	<file href="common/images/ocw_mast.png"/>
        	<file href="common/images/button_subscribe.png"/>
        	<file href="common/images/icon_fb.png"/>
        	<file href="common/images/icon_tw.png"/>
        	<file href="common/images/top-nav_home.png"/>
        	<file href="common/images/button_search.png"/>
        	<file href="common/images/bg_top.png"/>
        	<file href="common/images/bg_social.png"/>
        	<file href="common/images/bg_mega-courses.png"/>
        	<file href="common/images/bg_center2.png"/>
        	<file href="common/images/bg_course-nav_current.png"/>
        	<file href="common/images/button_donate-now.png"/>
        	<file href="common/images/logo_mit.png"/>
        	<file href="common/images/logo_ocwc.gif"/>
        	<file href="common/images/cc_by-nc-sa.png"/>
        	<file href="common/images/logo_dow.png"/>
        	<file href="common/images/logo_lockheed.png"/>
        	<file href="common/images/logo_mathworks.png"/>
        	<file href="common/images/logo_abinitio.png"/>
        	<file href="common/images/bg_bottom.png"/>
        	<file href="common/images/nav_arrow.png"/>
        	<file href="common/images/black-arrow.gif"/>
        	<file href="common/images/trans.gif"/>
        	<file href="common/images/arrow-bullet.gif"/>
        	<file href="common/images/apple-touch-icon.png"/>
        	<file href="common/images/highslide/graphics/zoomin.cur"/>
        	<file href="common/images/highslide/graphics/zoomout.cur"/>
        	<file href="common/images/highslide/graphics/controlbar2.gif"/>
        	<file href="common/images/highslide/graphics/controlbar3.gif"/>
        	<file href="common/images/highslide/graphics/controlbar4.gif"/>
        	<file href="common/images/highslide/graphics/controlbar4-hover.gif"/>
        	<file href="common/images/highslide/graphics/controlbar-black-border.gif"/>
        	<file href="common/images/highslide/graphics/controlbar-white.gif"/>
        	<file href="common/images/highslide/graphics/controlbar-white-small.gif"/>
        	<file href="common/images/highslide/graphics/fullexpand.gif"/>
        	<file href="common/images/highslide/graphics/icon.gif"/>
        	<file href="common/images/highslide/graphics/loader.gif"/>
        	<file href="common/images/highslide/graphics/loader.white.gif"/>
        	<file href="common/images/highslide/graphics/resize.gif"/>
        	<file href="common/images/highslide/graphics/close.png"/>
        	<file href="common/images/highslide/graphics/closeX.png"/>
        	<file href="common/images/highslide/graphics/controlbar-text-buttons.png"/>
        	<file href="common/images/highslide/graphics/geckodimmer.png"/>
        	<file href="common/images/highslide/graphics/scrollarrows.png"/>
        	<file href="common/images/highslide/graphics/outlines/beveled.png"/>
        	<file href="common/images/highslide/graphics/outlines/drop-shadow.png"/>
        	<file href="common/images/highslide/graphics/outlines/glossy-dark.png"/>
        	<file href="common/images/highslide/graphics/outlines/outer-glow.png"/>
        	<file href="common/images/highslide/graphics/outlines/rounded-black.png"/>
        	<file href="common/images/highslide/graphics/outlines/rounded-white.png"/>
        	<file href="common/images/highslide/graphics/outlines/Outlines.psd"/>
        	<file href="common/images/button_continue.jpg"/>
        	<file href="common/images/button_donate.jpg"/>
        	<file href="common/images/button_start.jpg"/>
        	<file href="common/images/scholar_bar_chp.png"/>
        	<file href="common/images/scholar_bar.png"/>
        	<file href="common/images/logo_pdf.jpg"/>
        	<file href="common/images/h2_trigger_open_close.gif"/>
        	<file href="common/images/bookmark.gif"/>
        	<file href="common/images/check.png"/>
        	<file href="common/images/lightbulb.png"/>
        	<file href="common/images/audio_file.gif"/>
        	<file href="common/images/audio_only_slate.gif"/>
        	<file href="common/images/video_file.gif"/>
        	<file href="common/images/back-5.png"/>
        	<file href="common/images/btn_next_resource.png"/>
        	<file href="common/images/btn_previous_resource.png"/>
        	<file href="common/images/close.png"/>
        	<file href="common/images/inacessible.gif"/>
        	<file href="common/images/jquerybubblepopup-theme/grey/ie/bottom-left.gif"/>
        	<file href="common/images/jquerybubblepopup-theme/grey/ie/bottom-middle.gif"/>
        	<file href="common/images/jquerybubblepopup-theme/grey/ie/bottom-right.gif"/>
        	<file href="common/images/jquerybubblepopup-theme/grey/ie/middle-left.gif"/>
        	<file href="common/images/jquerybubblepopup-theme/grey/ie/middle-right.gif"/>
        	<file href="common/images/jquerybubblepopup-theme/grey/ie/tail-bottom.gif"/>
        	<file href="common/images/jquerybubblepopup-theme/grey/ie/tail-left.gif"/>
        	<file href="common/images/jquerybubblepopup-theme/grey/ie/tail-right.gif"/>
        	<file href="common/images/jquerybubblepopup-theme/grey/ie/tail-top.gif"/>
        	<file href="common/images/jquerybubblepopup-theme/grey/ie/top-left.gif"/>
        	<file href="common/images/jquerybubblepopup-theme/grey/ie/top-middle.gif"/>
        	<file href="common/images/jquerybubblepopup-theme/grey/ie/top-right.gif"/>
        	<file href="common/images/jquerybubblepopup-theme/grey/bottom-left.png"/>
        	<file href="common/images/jquerybubblepopup-theme/grey/bottom-middle.png"/>
        	<file href="common/images/jquerybubblepopup-theme/grey/bottom-right.png"/>
        	<file href="common/images/jquerybubblepopup-theme/grey/middle-left.png"/>
        	<file href="common/images/jquerybubblepopup-theme/grey/middle-right.png"/>
        	<file href="common/images/jquerybubblepopup-theme/grey/tail-bottom.png"/>
        	<file href="common/images/jquerybubblepopup-theme/grey/tail-left.png"/>
        	<file href="common/images/jquerybubblepopup-theme/grey/tail-right.png"/>
        	<file href="common/images/jquerybubblepopup-theme/grey/tail-top.png"/>
        	<file href="common/images/jquerybubblepopup-theme/grey/top-left.png"/>
        	<file href="common/images/jquerybubblepopup-theme/grey/top-middle.png"/>
        	<file href="common/images/jquerybubblepopup-theme/grey/top-right.png"/>
        	<file href="common/webfonts/TitilliumText22L002-webfont.woff"/>
        	<file href="common/webfonts/TitilliumText22L002-webfont.ttf"/>
        	<file href="common/webfonts/TitilliumText22L002-webfont.svg"/>
        	<file href="common/webfonts/TitilliumText22L002-webfont.eot"/>
        	<file href="common/webfonts/TitilliumText22L003-webfont.woff"/>
        	<file href="common/webfonts/TitilliumText22L003-webfont.ttf"/>
        	<file href="common/webfonts/TitilliumText22L003-webfont.eot"/>
        	<file href="common/webfonts/TitilliumText22L003-webfont.svg"/>
        	<file href="common/webfonts/TitilliumText22L005-webfont.woff"/>
        	<file href="common/webfonts/TitilliumText22L005-webfont.ttf"/>
        	<file href="common/webfonts/TitilliumText22L005-webfont.svg"/>
        	<file href="common/webfonts/TitilliumText22L005-webfont.eot"/>
        </resource>        
  </resources>
</manifest>
