<?xml version="1.0" encoding="utf-8" ?>
<lom:lom xmlns="http://ocw.mit.edu/xmlns/LOM"
         xmlns:lom="http://ocw.mit.edu/xmlns/LOM"
         xmlns:ocwlom="http://ocw.mit.edu/xmlns/ocwLOM"
         xmlns:xsi="http://www.w3.org/2001/XMLSchema-instance"
         xsi:schemaLocation="http://ocw.mit.edu/xmlns/LOM http://ocw.mit.edu/xsd/LOM/lomv1.0/lomv1.0.xsd http://ocw.mit.edu/xmlns/ocwLOM http://ocw.mit.edu/xsd/ocwLOM/ocwlomv1.0/ocwlomv1.0.xsd">
  <!--************************************************************ 
  This LOM record was produced by an automatic transformation to IEEE LOM, from OpenCourseWare's (OCW) initial version of Learning Object Metadata (LOM). (The initial version was based on IMS Global Consortium's LOM.)
			********************************************************-->
<!--***************************-->
<!--**** GENERAL ****-->
<!--***************************-->
    <lom:general uniqueElementName="general">
        <lom:title uniqueElementName="title">
            <lom:string language="en">14-385f07.jpg</lom:string>
        </lom:title>
        <lom:description>
            <lom:string language="en">Japanese rice symbol. Rice prices may be analyzed by nonparametric estimation. Learn more about nonparametric estimation, generalized method of moments, quantile regression, and other methods in lecture notes. (Image by MIT OpenCourseWare, based on an image by Nyoiti Sakurasawa.)</lom:string>
        </lom:description>
        <lom:language>en</lom:language>
        <lom:aggregationLevel uniqueElementName="aggregationLevel">
            <lom:source uniqueElementName="source">LOMv1.0</lom:source>
            <lom:value uniqueElementName="value">2</lom:value>
        </lom:aggregationLevel>
    </lom:general>
<!--***************************-->
<!--**** LIFECYCLE ****-->
<!--***************************-->
    <lom:lifeCycle uniqueElementName="lifeCycle">
        <lom:version uniqueElementName="version">
            <lom:string language="en">Fall 2007</lom:string>
        </lom:version>
        <lom:contribute>
            <lom:role>
                <lom:source uniqueElementName="source">OCW_LOMv1.0</lom:source>
                <lom:value uniqueElementName="value">Author</lom:value>
            </lom:role>
            <lom:entity>Chernozhukov, Victor</lom:entity>
            <lom:date uniqueElementName="date">
                <lom:dateTime uniqueElementName="dateTime">2013-11-28</lom:dateTime>
            </lom:date>
        </lom:contribute>
        <lom:contribute>
            <lom:role>
                <lom:source uniqueElementName="source">OCW_LOMv1.0</lom:source>
                <lom:value uniqueElementName="value">Author</lom:value>
            </lom:role>
            <lom:entity>Newey, Whitney</lom:entity>
            <lom:date uniqueElementName="date">
                <lom:dateTime uniqueElementName="dateTime">2013-11-28</lom:dateTime>
            </lom:date>
        </lom:contribute>
        
    </lom:lifeCycle>
<!--***************************-->
<!--**** TECHNICAL ****-->
<!--***************************-->
    <lom:technical uniqueElementName="technical">
        <lom:location>/courses/economics/14-385-nonlinear-econometric-analysis-fall-2007/14-385f07.jpg</lom:location>
        <lom:format>image/jpeg</lom:format>
        <lom:otherPlatformRequirements>
			<lom:string language="en"></lom:string>
		</lom:otherPlatformRequirements>
		<lom:size>132529</lom:size>
        <lom:requirement>
            <lom:orComposite>
                <lom:type uniqueElementName="type">
                    <lom:source uniqueElementName="source">LOMv1.0</lom:source>
                    <lom:value uniqueElementName="value">Browser</lom:value>
                </lom:type>
                <lom:name uniqueElementName="name">
                    <lom:source uniqueElementName="source">LOMv1.0</lom:source>
                    <lom:value uniqueElementName="value">Internet Explorer</lom:value>
                </lom:name>
                <lom:minimumVersion
    uniqueElementName="minimumVersion">6.0</lom:minimumVersion>
            </lom:orComposite>
            <lom:orComposite>
                <lom:type uniqueElementName="type">
                    <lom:source uniqueElementName="source">LOMv1.0</lom:source>
                    <lom:value uniqueElementName="value">Browser</lom:value>
                </lom:type>
                <lom:name uniqueElementName="name">
                    <lom:source uniqueElementName="source">LOMv1.0</lom:source>
                    <lom:value uniqueElementName="value">Mozilla Firefox</lom:value>
                </lom:name>
                <lom:minimumVersion
    uniqueElementName="minimumVersion">3.0</lom:minimumVersion>
            </lom:orComposite>
            <lom:orComposite>
                <lom:type uniqueElementName="type">
                    <lom:source uniqueElementName="source">LOMv1.0</lom:source>
                    <lom:value uniqueElementName="value">Browser</lom:value>
                </lom:type>
                <lom:name uniqueElementName="name">
                    <lom:source uniqueElementName="source">LOMv1.0</lom:source>
                    <lom:value uniqueElementName="value">Safari</lom:value>
                </lom:name>
                <lom:minimumVersion
    uniqueElementName="minimumVersion">4.0</lom:minimumVersion>
            </lom:orComposite>
        </lom:requirement>
    </lom:technical>
<!--***************************-->
<!--**** EDUCATIONAL ****-->
<!--***************************-->
    <lom:educational>
    	<lom:learningResourceType>
			<lom:source uniqueElementName="source">LOMv1.0</lom:source>
			<lom:value uniqueElementName="value">Audio/Visual | Image/Image Set</lom:value>
		</lom:learningResourceType>
        <lom:context>
            <lom:source uniqueElementName="source">OCW_LOMv1.0</lom:source>
            <lom:value uniqueElementName="value">Graduate</lom:value>
        </lom:context>
        <lom:description>
			<lom:string language="en"></lom:string>
		</lom:description>
    </lom:educational>
<!--***************************-->
<!--**** RIGHTS ****-->
<!--***************************-->
    <lom:rights uniqueElementName="rights">
        <lom:copyrightAndOtherRestrictions uniqueElementName="copyrightAndOtherRestrictions">
            <lom:source uniqueElementName="source">LOMv1.0</lom:source>
            <lom:value uniqueElementName="value">yes</lom:value>
        </lom:copyrightAndOtherRestrictions>
        <lom:description>
            <lom:string language="en">This site (c) Massachusetts Institute of Technology 2013.  Content within individual courses is (c) by the individual authors unless otherwise noted. The Massachusetts Institute of Technology is providing this Work (as defined below) under the terms of this Creative Commons public license ("CCPL" or "license") unless otherwise noted. The Work is protected by copyright and/or other applicable law. Any use of the work other than as authorized under this license is prohibited. By exercising any of the rights to the Work provided here, You (as defined below) accept and agree to be bound by the terms of this license. The Licensor, the Massachusetts Institute of Technology, grants You the rights contained here in consideration of Your acceptance of such terms and conditions.</lom:string>
        </lom:description>
    </lom:rights>
<!--***************************-->
<!--**** RELATION ****-->
<!--***************************-->
    <lom:relation>
        <lom:kind uniqueElementName="kind">
            <lom:source uniqueElementName="source">LOMv1.0</lom:source>
            <lom:value uniqueElementName="value">ispartof</lom:value>
        </lom:kind>
        <lom:resource uniqueElementName="resource">
            <lom:identifier>
                <lom:catalog uniqueElementName="catalog">OCW Master Course Number</lom:catalog>
                <lom:entry uniqueElementName="entry">14.385 Nonlinear Econometric Analysis Fall 2007</lom:entry>
            </lom:identifier>
            <lom:description>
                <lom:string language="en">
This course presents micro-econometric models, including large sample theory for estimation and hypothesis testing, generalized method of moments (GMM), estimation of censored and truncated specifications, quantile regression, structural estimation, nonparametric and semiparametric estimation, treatment effects, panel data, bootstrapping, simulation methods, and Bayesian methods. The methods are illustrated with economic applications.</lom:string>
            </lom:description>
        </lom:resource>
    </lom:relation>
<!--***************************-->
<!--**** CLASSIFICATION ****-->
<!--***************************-->
    <lom:classification>
        <lom:taxonPath>
            <lom:source uniqueElementName="source">
                <lom:string language="en">CIP</lom:string>
            </lom:source>
            <lom:taxon>
                <lom:id uniqueElementName="id">450603</lom:id>
                <lom:entry uniqueElementName="entry">
                    <lom:string language="en">Econometrics and Quantitative Economics</lom:string>
                </lom:entry>
            </lom:taxon>
        </lom:taxonPath>
        <lom:keyword>
            <lom:string language="en">nonlinear</lom:string>
        </lom:keyword>
        <lom:keyword>
            <lom:string language="en">econometric</lom:string>
        </lom:keyword>
        <lom:keyword>
            <lom:string language="en">analysis</lom:string>
        </lom:keyword>
        <lom:keyword>
            <lom:string language="en">generalized method of moments</lom:string>
        </lom:keyword>
        <lom:keyword>
            <lom:string language="en">GMM</lom:string>
        </lom:keyword>
        <lom:keyword>
            <lom:string language="en">maximum likelihood estimation</lom:string>
        </lom:keyword>
        <lom:keyword>
            <lom:string language="en">MLE</lom:string>
        </lom:keyword>
        <lom:keyword>
            <lom:string language="en">minimum distance</lom:string>
        </lom:keyword>
        <lom:keyword>
            <lom:string language="en">extremum</lom:string>
        </lom:keyword>
        <lom:keyword>
            <lom:string language="en">large sample theory</lom:string>
        </lom:keyword>
        <lom:keyword>
            <lom:string language="en">asymptotic theory</lom:string>
        </lom:keyword>
        <lom:keyword>
            <lom:string language="en">discrete choice</lom:string>
        </lom:keyword>
        <lom:keyword>
            <lom:string language="en">censoring</lom:string>
        </lom:keyword>
        <lom:keyword>
            <lom:string language="en">sample selection</lom:string>
        </lom:keyword>
        <lom:keyword>
            <lom:string language="en">bootstrap</lom:string>
        </lom:keyword>
        <lom:keyword>
            <lom:string language="en">subsampling</lom:string>
        </lom:keyword>
        <lom:keyword>
            <lom:string language="en">finite-sample methods</lom:string>
        </lom:keyword>
        <lom:keyword>
            <lom:string language="en">quantile regression</lom:string>
        </lom:keyword>
        <lom:keyword>
            <lom:string language="en">QR</lom:string>
        </lom:keyword>
        <lom:keyword>
            <lom:string language="en">distributional methods</lom:string>
        </lom:keyword>
        <lom:keyword>
            <lom:string language="en">Bayesian methods</lom:string>
        </lom:keyword>
        <lom:keyword>
            <lom:string language="en">quasi-Bayesian methods</lom:string>
        </lom:keyword>
        <lom:keyword>
            <lom:string language="en">bounds</lom:string>
        </lom:keyword>
        <lom:keyword>
            <lom:string language="en">partial identification</lom:string>
        </lom:keyword>
        <lom:keyword>
            <lom:string language="en">weak instruments</lom:string>
        </lom:keyword>
        <lom:keyword>
            <lom:string language="en">many instruments</lom:string>
        </lom:keyword>
        <lom:keyword>
            <lom:string language="en">instrumental variables</lom:string>
        </lom:keyword>
        <lom:keyword>
            <lom:string language="en">nonparametric estimation</lom:string>
        </lom:keyword>
        <lom:keyword>
            <lom:string language="en">semiparametric estimation</lom:string>
        </lom:keyword>
        <lom:keyword>
            <lom:string language="en">treatment effects</lom:string>
        </lom:keyword>
        <lom:keyword>
            <lom:string language="en">nonlinear models</lom:string>
        </lom:keyword>
        <lom:keyword>
            <lom:string language="en">panel data</lom:string>
        </lom:keyword>
        <lom:keyword>
            <lom:string language="en">economic modeling</lom:string>
        </lom:keyword>
    </lom:classification>
</lom:lom>
