<?xml version="1.0" encoding="utf-8" ?>
<manifest xmlns="http://www.imsglobal.org/xsd/imscp_v1p1"
          xmlns:xsi="http://www.w3.org/2001/XMLSchema-instance"
          xmlns:adlcp="http://www.adlnet.org/xsd/adlcp_rootv1p2"
          xmlns:cwsp="http://www.dspace.org/xmlns/cwspace_imscp"
          xmlns:ocw="http://ocw.mit.edu/xmlns/ocw_imscp"
          xmlns:lom="http://ocw.mit.edu/xmlns/LOM"
          identifier="urn_edu.mit.ocw_14-384-time-series-analysis-fall-2008"
          version="2013-11-28T18:51:31"
          cwsp:packageType="Course"
          xml:base="14-384-fall-2008/"
          xsi:schemaLocation="http://www.imsglobal.org/xsd/imscp_v1p1 http://www.imsglobal.org/xsd/imscp_v1p1.xsd  http://www.adlnet.org/xsd/adlcp_rootv1p2 http://www.adlnet.org/xsd/adlcp_rootv1p2.xsd http://www.dspace.org/xmlns/cwspace_imscp http://www.dspace.org/xsd/cwspace_imscp/version10/cwspace_imscpv10.xsd http://ocw.mit.edu/xmlns/ocw_imscp http://ocw.mit.edu/xsd/ocw_imscp/version10/ocw_imscpv10.xsd http://ocw.mit.edu/xmlns/LOM http://ocw.mit.edu/xsd/LOM/lomv1.0/lomv1.0.xsd">
   	<metadata>
   		<schema>IMS Content</schema>
        <schemaversion>1.1</schemaversion>
        <cwsp:packageMetadata>
            <cwsp:sourceSystem>OCW</cwsp:sourceSystem>
            <cwsp:profile>CWSpace</cwsp:profile>
            <cwsp:profileVersion>0.1</cwsp:profileVersion>
        </cwsp:packageMetadata>
        <lom:general uniqueElementName="general">
            <lom:title uniqueElementName="title">
				<lom:string language="en">Time Series Analysis</lom:string>
			</lom:title>
			<lom:identifier>
				<lom:catalog uniqueElementName="catalog">OCW Master Course Number</lom:catalog>
		      	<lom:entry uniqueElementName="entry">14.384</lom:entry>
			</lom:identifier>
        </lom:general>
        <lom:lifecycle uniqueElementName="lifeCycle">
            <lom:version uniqueElementName="version">
				<lom:string language="en">Fall 2008</lom:string>
			</lom:version>
            <lom:contribute>
	            <lom:role>
	                <lom:source uniqueElementName="source">OCW_LOMv1.0</lom:source>
	                <lom:value uniqueElementName="value">Author</lom:value>
	            </lom:role>
	            <lom:entity>Schrimpf, Paul</lom:entity>
	            <lom:date uniqueElementName="date">
	                <lom:dateTime uniqueElementName="dateTime">2013-11-28</lom:dateTime>
	            </lom:date>
        	</lom:contribute>
            <lom:contribute>
	            <lom:role>
	                <lom:source uniqueElementName="source">OCW_LOMv1.0</lom:source>
	                <lom:value uniqueElementName="value">Author</lom:value>
	            </lom:role>
	            <lom:entity>Mikusheva, Anna</lom:entity>
	            <lom:date uniqueElementName="date">
	                <lom:dateTime uniqueElementName="dateTime">2013-11-28</lom:dateTime>
	            </lom:date>
        	</lom:contribute>
        </lom:lifecycle>
        <lom:relation uniqueElementName="relation">
        	<lom:kind uniqueElementName="kind">
        		<lom:source uniqueElementName="source">OCW_LOMv1.0</lom:source>
        		<lom:value uniqueElementName="value">isbasedon</lom:value>
        	</lom:kind>
        	<lom:resource uniqueElementName="resource">
        		<lom:identifier>
        			<lom:catalog uniqueElementName="catalog">URI</lom:catalog>
        			<lom:entry uniqueElementName="entry">http://hdl.handle.net/1721.1/46343</lom:entry>
        		</lom:identifier>
        		<lom:description uniqueElementName="description">
        			<lom:string language="en">Previous version of the course</lom:string>
        		</lom:description>
        	</lom:resource>
        </lom:relation>
        <lom:taxonPath>
            <lom:source uniqueElementName="source">
                <lom:string language="en">OCW Course Categories</lom:string>
            </lom:source>
            <lom:taxon>
                <lom:entry uniqueElementName="entry">
                    <lom:string language="en">Mathematics</lom:string>
                </lom:entry>
            </lom:taxon>
            <lom:taxon>
                <lom:entry uniqueElementName="entry">
                    <lom:string language="en">Probability and Statistics</lom:string>
                </lom:entry>
            </lom:taxon>
            
        </lom:taxonPath>
        <lom:taxonPath>
            <lom:source uniqueElementName="source">
                <lom:string language="en">OCW Course Categories</lom:string>
            </lom:source>
            <lom:taxon>
                <lom:entry uniqueElementName="entry">
                    <lom:string language="en">Social Science</lom:string>
                </lom:entry>
            </lom:taxon>
            <lom:taxon>
                <lom:entry uniqueElementName="entry">
                    <lom:string language="en">Economics</lom:string>
                </lom:entry>
            </lom:taxon>
            <lom:taxon>
                <lom:entry uniqueElementName="entry">
                    <lom:string language="en">Econometrics</lom:string>
                </lom:entry>
            </lom:taxon>
        </lom:taxonPath>
        <lom:taxonPath>
            <lom:source uniqueElementName="source">
                <lom:string language="en">OCW Course Categories</lom:string>
            </lom:source>
            <lom:taxon>
                <lom:entry uniqueElementName="entry">
                    <lom:string language="en">Social Science</lom:string>
                </lom:entry>
            </lom:taxon>
            <lom:taxon>
                <lom:entry uniqueElementName="entry">
                    <lom:string language="en">Economics</lom:string>
                </lom:entry>
            </lom:taxon>
            <lom:taxon>
                <lom:entry uniqueElementName="entry">
                    <lom:string language="en">Macroeconomics</lom:string>
                </lom:entry>
            </lom:taxon>
        </lom:taxonPath>        
        <adlcp:location>contents/index.htm.xml</adlcp:location>
    </metadata>
    <organizations default="ocw_14-384-time-series-analysis-fall-2008">
        <organization identifier="ocw_14-384-time-series-analysis-fall-2008">
            <title>Time Series Analysis</title>
            <item identifier="i_14-384-time-series-analysis-fall-2008.CourseHome"
                  identifierref="r_contents.index.htm"
                  ocw:sectionTemplateType="CourseHomePage"
                  ocw:sectionTemplateVersion="2013-11-28">
				<title>Time Series Analysis</title>
				<item identifier="i_14-384-time-series-analysis-fall-2008.chp_graph.jpg"
          identifierref="r_contents.chp_graph.jpg">
				<title>Image containing time series equation and graph</title>
				</item>
				<item identifier="i_14-384-time-series-analysis-fall-2008.14-384f08-th.jpg"
          identifierref="r_contents.14-384f08-th.jpg">
				<title>ARMA model</title>
				</item>
			</item>
            <item identifier="i_14-384-time-series-analysis-fall-2008.syllabus"
                  identifierref="r_contents.syllabus.index.htm"
                  ocw:sectionTemplateType="CourseSection"
                  ocw:sectionTemplateVersion="2013-11-28">
				<title>Syllabus</title>
			</item>
            <item identifier="i_14-384-time-series-analysis-fall-2008.readings"
                  identifierref="r_contents.readings.index.htm"
                  ocw:sectionTemplateType="CourseSection"
                  ocw:sectionTemplateVersion="2013-11-28">
				<title>Readings</title>
			</item>
            <item identifier="i_14-384-time-series-analysis-fall-2008.lecture-notes"
                  identifierref="r_contents.lecture-notes.index.htm"
                  ocw:sectionTemplateType="CourseSection"
                  ocw:sectionTemplateVersion="2013-11-28">
				<title>Lecture Notes</title>
				<item identifier="i_14-384-time-series-analysis-fall-2008.lecture-notes.lec21.pdf"
          identifierref="r_contents.lecture-notes.lec21.pdf">
				<title>Maximum Likelihood and Kalman Filter</title>
				</item>
				<item identifier="i_14-384-time-series-analysis-fall-2008.lecture-notes.lec22.pdf"
          identifierref="r_contents.lecture-notes.lec22.pdf">
				<title>ML &amp; DSGE</title>
				</item>
				<item identifier="i_14-384-time-series-analysis-fall-2008.lecture-notes.lec26.pdf"
          identifierref="r_contents.lecture-notes.lec26.pdf">
				<title>MCMC: Gibbs Sampling</title>
				</item>
				<item identifier="i_14-384-time-series-analysis-fall-2008.lecture-notes.lec16.pdf"
          identifierref="r_contents.lecture-notes.lec16.pdf">
				<title>Cointegration</title>
				</item>
				<item identifier="i_14-384-time-series-analysis-fall-2008.lecture-notes.lec15.pdf"
          identifierref="r_contents.lecture-notes.lec15.pdf">
				<title>Breaks and Cointegration</title>
				</item>
				<item identifier="i_14-384-time-series-analysis-fall-2008.lecture-notes.lec11.pdf"
          identifierref="r_contents.lecture-notes.lec11.pdf">
				<title>Factor Models Part 2</title>
				</item>
				<item identifier="i_14-384-time-series-analysis-fall-2008.lecture-notes.lec20.pdf"
          identifierref="r_contents.lecture-notes.lec20.pdf">
				<title>Filtering</title>
				</item>
				<item identifier="i_14-384-time-series-analysis-fall-2008.lecture-notes.lec18.pdf"
          identifierref="r_contents.lecture-notes.lec18.pdf">
				<title>GMM</title>
				</item>
				<item identifier="i_14-384-time-series-analysis-fall-2008.lecture-notes.lec4.pdf"
          identifierref="r_contents.lecture-notes.lec4.pdf">
				<title>Spectrum</title>
				</item>
				<item identifier="i_14-384-time-series-analysis-fall-2008.lecture-notes.lec25.pdf"
          identifierref="r_contents.lecture-notes.lec25.pdf">
				<title>MCMC: Metropolis Hastings Algorithm</title>
				</item>
				<item identifier="i_14-384-time-series-analysis-fall-2008.lecture-notes.lec6.pdf"
          identifierref="r_contents.lecture-notes.lec6.pdf">
				<title>Introduction to VARs</title>
				</item>
				<item identifier="i_14-384-time-series-analysis-fall-2008.lecture-notes.lec8.pdf"
          identifierref="r_contents.lecture-notes.lec8.pdf">
				<title>Bootstrap</title>
				</item>
				<item identifier="i_14-384-time-series-analysis-fall-2008.lecture-notes.lec2.pdf"
          identifierref="r_contents.lecture-notes.lec2.pdf">
				<title>Limit Theorems, OLS, and HAC</title>
				</item>
				<item identifier="i_14-384-time-series-analysis-fall-2008.lecture-notes.lec14.pdf"
          identifierref="r_contents.lecture-notes.lec14.pdf">
				<title>More Non-Stationarity</title>
				</item>
				<item identifier="i_14-384-time-series-analysis-fall-2008.lecture-notes.lec17.pdf"
          identifierref="r_contents.lecture-notes.lec17.pdf">
				<title>Cointegration</title>
				</item>
				<item identifier="i_14-384-time-series-analysis-fall-2008.lecture-notes.lec5.pdf"
          identifierref="r_contents.lecture-notes.lec5.pdf">
				<title>Spectrum Estimation and Information Criteria</title>
				</item>
				<item identifier="i_14-384-time-series-analysis-fall-2008.lecture-notes.lec7.pdf"
          identifierref="r_contents.lecture-notes.lec7.pdf">
				<title>VARs</title>
				</item>
				<item identifier="i_14-384-time-series-analysis-fall-2008.lecture-notes.lec1.pdf"
          identifierref="r_contents.lecture-notes.lec1.pdf">
				<title>Stationarity, Lag Operator, ARMA, and Covariance Structure</title>
				</item>
				<item identifier="i_14-384-time-series-analysis-fall-2008.lecture-notes.lec9.pdf"
          identifierref="r_contents.lecture-notes.lec9.pdf">
				<title>Structural VARs</title>
				</item>
				<item identifier="i_14-384-time-series-analysis-fall-2008.lecture-notes.lec10.pdf"
          identifierref="r_contents.lecture-notes.lec10.pdf">
				<title>Factor Models</title>
				</item>
				<item identifier="i_14-384-time-series-analysis-fall-2008.lecture-notes.lec13.pdf"
          identifierref="r_contents.lecture-notes.lec13.pdf">
				<title>Unit Roots</title>
				</item>
				<item identifier="i_14-384-time-series-analysis-fall-2008.lecture-notes.lec12.pdf"
          identifierref="r_contents.lecture-notes.lec12.pdf">
				<title>Empirical Processes</title>
				</item>
				<item identifier="i_14-384-time-series-analysis-fall-2008.lecture-notes.lec23.pdf"
          identifierref="r_contents.lecture-notes.lec23.pdf">
				<title>Reasons to be Bayesian</title>
				</item>
				<item identifier="i_14-384-time-series-analysis-fall-2008.lecture-notes.lec3.pdf"
          identifierref="r_contents.lecture-notes.lec3.pdf">
				<title>More HAC and Intro to Spectrum</title>
				</item>
				<item identifier="i_14-384-time-series-analysis-fall-2008.lecture-notes.lec19.pdf"
          identifierref="r_contents.lecture-notes.lec19.pdf">
				<title>Simulated MM and Indirect Inference</title>
				</item>
				<item identifier="i_14-384-time-series-analysis-fall-2008.lecture-notes.lec24.pdf"
          identifierref="r_contents.lecture-notes.lec24.pdf">
				<title>More Bayesian Metrics</title>
				</item>
			</item>
            <item identifier="i_14-384-time-series-analysis-fall-2008.recitations"
                  identifierref="r_contents.recitations.index.htm"
                  ocw:sectionTemplateType="CourseSection"
                  ocw:sectionTemplateVersion="2013-11-28">
				<title>Recitations</title>
				<item identifier="i_14-384-time-series-analysis-fall-2008.recitations.rec12.pdf"
          identifierref="r_contents.recitations.rec12.pdf">
				<title>Recitation 12</title>
				</item>
				<item identifier="i_14-384-time-series-analysis-fall-2008.recitations.rec06.pdf"
          identifierref="r_contents.recitations.rec06.pdf">
				<title>Recitation 6</title>
				</item>
				<item identifier="i_14-384-time-series-analysis-fall-2008.recitations.rec03.pdf"
          identifierref="r_contents.recitations.rec03.pdf">
				<title>Recitation 3</title>
				</item>
				<item identifier="i_14-384-time-series-analysis-fall-2008.recitations.rec07.pdf"
          identifierref="r_contents.recitations.rec07.pdf">
				<title>Recitation 7</title>
				</item>
				<item identifier="i_14-384-time-series-analysis-fall-2008.recitations.rec09.pdf"
          identifierref="r_contents.recitations.rec09.pdf">
				<title>Recitation 9</title>
				</item>
				<item identifier="i_14-384-time-series-analysis-fall-2008.recitations.rec11.pdf"
          identifierref="r_contents.recitations.rec11.pdf">
				<title>Recitation 11</title>
				</item>
				<item identifier="i_14-384-time-series-analysis-fall-2008.recitations.rec01.pdf"
          identifierref="r_contents.recitations.rec01.pdf">
				<title>Recitation 1</title>
				</item>
				<item identifier="i_14-384-time-series-analysis-fall-2008.recitations.rec05.pdf"
          identifierref="r_contents.recitations.rec05.pdf">
				<title>Recitation 5</title>
				</item>
				<item identifier="i_14-384-time-series-analysis-fall-2008.recitations.rec02.pdf"
          identifierref="r_contents.recitations.rec02.pdf">
				<title>Recitation 2</title>
				</item>
				<item identifier="i_14-384-time-series-analysis-fall-2008.recitations.rec08.pdf"
          identifierref="r_contents.recitations.rec08.pdf">
				<title>Recitation 8</title>
				</item>
				<item identifier="i_14-384-time-series-analysis-fall-2008.recitations.rec02_matlab.pdf"
          identifierref="r_contents.recitations.rec02_matlab.pdf">
				<title>Recitation 2: Time Series in Matlab</title>
				</item>
				<item identifier="i_14-384-time-series-analysis-fall-2008.recitations.rec10.pdf"
          identifierref="r_contents.recitations.rec10.pdf">
				<title>Recitation 10</title>
				</item>
				<item identifier="i_14-384-time-series-analysis-fall-2008.recitations.rec04.pdf"
          identifierref="r_contents.recitations.rec04.pdf">
				<title>Recitation 4</title>
				</item>
			</item>
            <item identifier="i_14-384-time-series-analysis-fall-2008.assignments"
                  identifierref="r_contents.assignments.index.htm"
                  ocw:sectionTemplateType="CourseSection"
                  ocw:sectionTemplateVersion="2013-11-28">
				<title>Assignments</title>
				<item identifier="i_14-384-time-series-analysis-fall-2008.assignments.exam.pdf"
          identifierref="r_contents.assignments.exam.pdf">
				<title>Final Exam</title>
				</item>
				<item identifier="i_14-384-time-series-analysis-fall-2008.assignments.problems.pdf"
          identifierref="r_contents.assignments.problems.pdf">
				<title>Bank of sample problems for 14.384 Time series</title>
				</item>
			</item>
            <item identifier="i_terms"
                  identifierref="r_common.terms.index.htm"
                  ocw:sectionTemplateType="GlobalSection"
                  ocw:sectionTemplateVersion="2013-11-28">
				<title>Legal Notices</title>
			</item>
            <item identifier="i_terms"
                  identifierref="r_common.terms.index.htm"
                  ocw:sectionTemplateType="GlobalSection"
                  ocw:sectionTemplateVersion="2013-11-28">
				<title>Privacy Statement</title>
			</item>
            <item identifier="i_terms.trademarks"
                  identifierref="r_common.terms.trademarks.index.htm"
                  ocw:sectionTemplateType="GlobalSection"
                  ocw:sectionTemplateVersion="2013-11-28">
				<title>Trademark Notices</title>
			</item>
        </organization>
    </organizations>
    <resources>
        <resource identifier="r_contents.lecture-notes.lec17.pdf"
                  type="other"
                  href="contents/lecture-notes/lec17.pdf">
            <metadata>
                <adlcp:location>contents/lecture-notes/lec17.pdf.xml</adlcp:location>
            </metadata>
            <file href="contents/lecture-notes/lec17.pdf"/>
                        
        </resource>
        <resource identifier="r_contents.lecture-notes.lec23.pdf"
                  type="other"
                  href="contents/lecture-notes/lec23.pdf">
            <metadata>
                <adlcp:location>contents/lecture-notes/lec23.pdf.xml</adlcp:location>
            </metadata>
            <file href="contents/lecture-notes/lec23.pdf"/>
                        
        </resource>
        <resource identifier="r_contents.lecture-notes.lec24.pdf"
                  type="other"
                  href="contents/lecture-notes/lec24.pdf">
            <metadata>
                <adlcp:location>contents/lecture-notes/lec24.pdf.xml</adlcp:location>
            </metadata>
            <file href="contents/lecture-notes/lec24.pdf"/>
                        
        </resource>
        <resource identifier="r_contents.14-384f08-th.jpg"
                  type="other"
                  href="contents/14-384f08-th.jpg">
            <metadata>
                <adlcp:location>contents/14-384f08-th.jpg.xml</adlcp:location>
            </metadata>
            <file href="contents/14-384f08-th.jpg"/>
                        
        </resource>
        <resource identifier="r_contents.recitations.rec02_matlab.pdf"
                  type="other"
                  href="contents/recitations/rec02_matlab.pdf">
            <metadata>
                <adlcp:location>contents/recitations/rec02_matlab.pdf.xml</adlcp:location>
            </metadata>
            <file href="contents/recitations/rec02_matlab.pdf"/>
                        
        </resource>
        <resource identifier="r_contents.lecture-notes.lec26.pdf"
                  type="other"
                  href="contents/lecture-notes/lec26.pdf">
            <metadata>
                <adlcp:location>contents/lecture-notes/lec26.pdf.xml</adlcp:location>
            </metadata>
            <file href="contents/lecture-notes/lec26.pdf"/>
                        
        </resource>
        <resource identifier="r_contents.lecture-notes.lec10.pdf"
                  type="other"
                  href="contents/lecture-notes/lec10.pdf">
            <metadata>
                <adlcp:location>contents/lecture-notes/lec10.pdf.xml</adlcp:location>
            </metadata>
            <file href="contents/lecture-notes/lec10.pdf"/>
                        
        </resource>
        <resource identifier="r_contents.lecture-notes.lec8.pdf"
                  type="other"
                  href="contents/lecture-notes/lec8.pdf">
            <metadata>
                <adlcp:location>contents/lecture-notes/lec8.pdf.xml</adlcp:location>
            </metadata>
            <file href="contents/lecture-notes/lec8.pdf"/>
                        
        </resource>
        <resource identifier="r_contents.recitations.rec04.pdf"
                  type="other"
                  href="contents/recitations/rec04.pdf">
            <metadata>
                <adlcp:location>contents/recitations/rec04.pdf.xml</adlcp:location>
            </metadata>
            <file href="contents/recitations/rec04.pdf"/>
                        
        </resource>
        <resource identifier="r_contents.recitations.index.htm"
                  type="webcontent"
                  href="contents/recitations/index.htm">
            <metadata>
                <adlcp:location>contents/recitations/index.htm.xml</adlcp:location>
            </metadata>
            <file href="contents/recitations/index.htm"/>
            <dependency identifierref="webrenderrequirements.14-384-time-series-analysis-fall-2008"/>            
        </resource>
        <resource identifier="r_contents.readings.index.htm"
                  type="webcontent"
                  href="contents/readings/index.htm">
            <metadata>
                <adlcp:location>contents/readings/index.htm.xml</adlcp:location>
            </metadata>
            <file href="contents/readings/index.htm"/>
            <dependency identifierref="webrenderrequirements.14-384-time-series-analysis-fall-2008"/>            
        </resource>
        <resource identifier="r_contents.lecture-notes.lec7.pdf"
                  type="other"
                  href="contents/lecture-notes/lec7.pdf">
            <metadata>
                <adlcp:location>contents/lecture-notes/lec7.pdf.xml</adlcp:location>
            </metadata>
            <file href="contents/lecture-notes/lec7.pdf"/>
                        
        </resource>
        <resource identifier="r_contents.assignments.index.htm"
                  type="webcontent"
                  href="contents/assignments/index.htm">
            <metadata>
                <adlcp:location>contents/assignments/index.htm.xml</adlcp:location>
            </metadata>
            <file href="contents/assignments/index.htm"/>
            <dependency identifierref="webrenderrequirements.14-384-time-series-analysis-fall-2008"/>            
        </resource>
        <resource identifier="r_contents.lecture-notes.lec13.pdf"
                  type="other"
                  href="contents/lecture-notes/lec13.pdf">
            <metadata>
                <adlcp:location>contents/lecture-notes/lec13.pdf.xml</adlcp:location>
            </metadata>
            <file href="contents/lecture-notes/lec13.pdf"/>
                        
        </resource>
        <resource identifier="r_contents.recitations.rec01.pdf"
                  type="other"
                  href="contents/recitations/rec01.pdf">
            <metadata>
                <adlcp:location>contents/recitations/rec01.pdf.xml</adlcp:location>
            </metadata>
            <file href="contents/recitations/rec01.pdf"/>
                        
        </resource>
        <resource identifier="r_contents.lecture-notes.lec25.pdf"
                  type="other"
                  href="contents/lecture-notes/lec25.pdf">
            <metadata>
                <adlcp:location>contents/lecture-notes/lec25.pdf.xml</adlcp:location>
            </metadata>
            <file href="contents/lecture-notes/lec25.pdf"/>
                        
        </resource>
        <resource identifier="r_contents.recitations.rec11.pdf"
                  type="other"
                  href="contents/recitations/rec11.pdf">
            <metadata>
                <adlcp:location>contents/recitations/rec11.pdf.xml</adlcp:location>
            </metadata>
            <file href="contents/recitations/rec11.pdf"/>
                        
        </resource>
        <resource identifier="r_contents.recitations.rec05.pdf"
                  type="other"
                  href="contents/recitations/rec05.pdf">
            <metadata>
                <adlcp:location>contents/recitations/rec05.pdf.xml</adlcp:location>
            </metadata>
            <file href="contents/recitations/rec05.pdf"/>
                        
        </resource>
        <resource identifier="r_contents.lecture-notes.lec3.pdf"
                  type="other"
                  href="contents/lecture-notes/lec3.pdf">
            <metadata>
                <adlcp:location>contents/lecture-notes/lec3.pdf.xml</adlcp:location>
            </metadata>
            <file href="contents/lecture-notes/lec3.pdf"/>
                        
        </resource>
        <resource identifier="r_contents.lecture-notes.lec4.pdf"
                  type="other"
                  href="contents/lecture-notes/lec4.pdf">
            <metadata>
                <adlcp:location>contents/lecture-notes/lec4.pdf.xml</adlcp:location>
            </metadata>
            <file href="contents/lecture-notes/lec4.pdf"/>
                        
        </resource>
        <resource identifier="r_contents.lecture-notes.lec14.pdf"
                  type="other"
                  href="contents/lecture-notes/lec14.pdf">
            <metadata>
                <adlcp:location>contents/lecture-notes/lec14.pdf.xml</adlcp:location>
            </metadata>
            <file href="contents/lecture-notes/lec14.pdf"/>
                        
        </resource>
        <resource identifier="r_contents.recitations.rec08.pdf"
                  type="other"
                  href="contents/recitations/rec08.pdf">
            <metadata>
                <adlcp:location>contents/recitations/rec08.pdf.xml</adlcp:location>
            </metadata>
            <file href="contents/recitations/rec08.pdf"/>
                        
        </resource>
        <resource identifier="r_contents.assignments.exam.pdf"
                  type="other"
                  href="contents/assignments/exam.pdf">
            <metadata>
                <adlcp:location>contents/assignments/exam.pdf.xml</adlcp:location>
            </metadata>
            <file href="contents/assignments/exam.pdf"/>
                        
        </resource>
        <resource identifier="r_contents.lecture-notes.lec18.pdf"
                  type="other"
                  href="contents/lecture-notes/lec18.pdf">
            <metadata>
                <adlcp:location>contents/lecture-notes/lec18.pdf.xml</adlcp:location>
            </metadata>
            <file href="contents/lecture-notes/lec18.pdf"/>
                        
        </resource>
        <resource identifier="r_contents.recitations.rec12.pdf"
                  type="other"
                  href="contents/recitations/rec12.pdf">
            <metadata>
                <adlcp:location>contents/recitations/rec12.pdf.xml</adlcp:location>
            </metadata>
            <file href="contents/recitations/rec12.pdf"/>
                        
        </resource>
        <resource identifier="r_contents.lecture-notes.lec20.pdf"
                  type="other"
                  href="contents/lecture-notes/lec20.pdf">
            <metadata>
                <adlcp:location>contents/lecture-notes/lec20.pdf.xml</adlcp:location>
            </metadata>
            <file href="contents/lecture-notes/lec20.pdf"/>
                        
        </resource>
        <resource identifier="r_contents.lecture-notes.lec21.pdf"
                  type="other"
                  href="contents/lecture-notes/lec21.pdf">
            <metadata>
                <adlcp:location>contents/lecture-notes/lec21.pdf.xml</adlcp:location>
            </metadata>
            <file href="contents/lecture-notes/lec21.pdf"/>
                        
        </resource>
        <resource identifier="r_contents.recitations.rec06.pdf"
                  type="other"
                  href="contents/recitations/rec06.pdf">
            <metadata>
                <adlcp:location>contents/recitations/rec06.pdf.xml</adlcp:location>
            </metadata>
            <file href="contents/recitations/rec06.pdf"/>
                        
        </resource>
        <resource identifier="r_contents.recitations.rec09.pdf"
                  type="other"
                  href="contents/recitations/rec09.pdf">
            <metadata>
                <adlcp:location>contents/recitations/rec09.pdf.xml</adlcp:location>
            </metadata>
            <file href="contents/recitations/rec09.pdf"/>
                        
        </resource>
        <resource identifier="r_contents.lecture-notes.lec11.pdf"
                  type="other"
                  href="contents/lecture-notes/lec11.pdf">
            <metadata>
                <adlcp:location>contents/lecture-notes/lec11.pdf.xml</adlcp:location>
            </metadata>
            <file href="contents/lecture-notes/lec11.pdf"/>
                        
        </resource>
        <resource identifier="r_contents.assignments.problems.pdf"
                  type="other"
                  href="contents/assignments/problems.pdf">
            <metadata>
                <adlcp:location>contents/assignments/problems.pdf.xml</adlcp:location>
            </metadata>
            <file href="contents/assignments/problems.pdf"/>
                        
        </resource>
        <resource identifier="r_contents.recitations.rec02.pdf"
                  type="other"
                  href="contents/recitations/rec02.pdf">
            <metadata>
                <adlcp:location>contents/recitations/rec02.pdf.xml</adlcp:location>
            </metadata>
            <file href="contents/recitations/rec02.pdf"/>
                        
        </resource>
        <resource identifier="r_contents.chp_graph.jpg"
                  type="other" href="contents/chp_graph.jpg">
            <metadata>
                <adlcp:location>contents/chp_graph.jpg.xml</adlcp:location>
            </metadata>
            <file href="contents/chp_graph.jpg"/>
                        
        </resource>
        <resource identifier="r_contents.lecture-notes.index.htm"
                  type="webcontent"
                  href="contents/lecture-notes/index.htm">
            <metadata>
                <adlcp:location>contents/lecture-notes/index.htm.xml</adlcp:location>
            </metadata>
            <file href="contents/lecture-notes/index.htm"/>
            <dependency identifierref="webrenderrequirements.14-384-time-series-analysis-fall-2008"/>            
        </resource>
        <resource identifier="r_contents.recitations.rec03.pdf"
                  type="other"
                  href="contents/recitations/rec03.pdf">
            <metadata>
                <adlcp:location>contents/recitations/rec03.pdf.xml</adlcp:location>
            </metadata>
            <file href="contents/recitations/rec03.pdf"/>
                        
        </resource>
        <resource identifier="r_contents.syllabus.index.htm"
                  type="webcontent"
                  href="contents/syllabus/index.htm">
            <metadata>
                <adlcp:location>contents/syllabus/index.htm.xml</adlcp:location>
            </metadata>
            <file href="contents/syllabus/index.htm"/>
            <dependency identifierref="webrenderrequirements.14-384-time-series-analysis-fall-2008"/>            
        </resource>
        <resource identifier="r_contents.lecture-notes.lec15.pdf"
                  type="other"
                  href="contents/lecture-notes/lec15.pdf">
            <metadata>
                <adlcp:location>contents/lecture-notes/lec15.pdf.xml</adlcp:location>
            </metadata>
            <file href="contents/lecture-notes/lec15.pdf"/>
                        
        </resource>
        <resource identifier="r_contents.lecture-notes.lec6.pdf"
                  type="other"
                  href="contents/lecture-notes/lec6.pdf">
            <metadata>
                <adlcp:location>contents/lecture-notes/lec6.pdf.xml</adlcp:location>
            </metadata>
            <file href="contents/lecture-notes/lec6.pdf"/>
                        
        </resource>
        <resource identifier="r_contents.index.htm"
                  type="webcontent"
                  href="contents/index.htm">
            <metadata>
                <adlcp:location>contents/index.htm.xml</adlcp:location>
            </metadata>
            <file href="contents/index.htm"/>
            <dependency identifierref="webrenderrequirements.14-384-time-series-analysis-fall-2008"/>            
        </resource>
        <resource identifier="r_contents.lecture-notes.lec2.pdf"
                  type="other"
                  href="contents/lecture-notes/lec2.pdf">
            <metadata>
                <adlcp:location>contents/lecture-notes/lec2.pdf.xml</adlcp:location>
            </metadata>
            <file href="contents/lecture-notes/lec2.pdf"/>
                        
        </resource>
        <resource identifier="r_contents.lecture-notes.lec16.pdf"
                  type="other"
                  href="contents/lecture-notes/lec16.pdf">
            <metadata>
                <adlcp:location>contents/lecture-notes/lec16.pdf.xml</adlcp:location>
            </metadata>
            <file href="contents/lecture-notes/lec16.pdf"/>
                        
        </resource>
        <resource identifier="r_contents.recitations.rec07.pdf"
                  type="other"
                  href="contents/recitations/rec07.pdf">
            <metadata>
                <adlcp:location>contents/recitations/rec07.pdf.xml</adlcp:location>
            </metadata>
            <file href="contents/recitations/rec07.pdf"/>
                        
        </resource>
        <resource identifier="r_contents.lecture-notes.lec12.pdf"
                  type="other"
                  href="contents/lecture-notes/lec12.pdf">
            <metadata>
                <adlcp:location>contents/lecture-notes/lec12.pdf.xml</adlcp:location>
            </metadata>
            <file href="contents/lecture-notes/lec12.pdf"/>
                        
        </resource>
        <resource identifier="r_contents.lecture-notes.lec22.pdf"
                  type="other"
                  href="contents/lecture-notes/lec22.pdf">
            <metadata>
                <adlcp:location>contents/lecture-notes/lec22.pdf.xml</adlcp:location>
            </metadata>
            <file href="contents/lecture-notes/lec22.pdf"/>
                        
        </resource>
        <resource identifier="r_contents.lecture-notes.lec1.pdf"
                  type="other"
                  href="contents/lecture-notes/lec1.pdf">
            <metadata>
                <adlcp:location>contents/lecture-notes/lec1.pdf.xml</adlcp:location>
            </metadata>
            <file href="contents/lecture-notes/lec1.pdf"/>
                        
        </resource>
        <resource identifier="r_contents.lecture-notes.lec19.pdf"
                  type="other"
                  href="contents/lecture-notes/lec19.pdf">
            <metadata>
                <adlcp:location>contents/lecture-notes/lec19.pdf.xml</adlcp:location>
            </metadata>
            <file href="contents/lecture-notes/lec19.pdf"/>
                        
        </resource>
        <resource identifier="r_contents.lecture-notes.lec5.pdf"
                  type="other"
                  href="contents/lecture-notes/lec5.pdf">
            <metadata>
                <adlcp:location>contents/lecture-notes/lec5.pdf.xml</adlcp:location>
            </metadata>
            <file href="contents/lecture-notes/lec5.pdf"/>
                        
        </resource>
        <resource identifier="r_contents.recitations.rec10.pdf"
                  type="other"
                  href="contents/recitations/rec10.pdf">
            <metadata>
                <adlcp:location>contents/recitations/rec10.pdf.xml</adlcp:location>
            </metadata>
            <file href="contents/recitations/rec10.pdf"/>
                        
        </resource>
        <resource identifier="r_contents.lecture-notes.lec9.pdf"
                  type="other"
                  href="contents/lecture-notes/lec9.pdf">
            <metadata>
                <adlcp:location>contents/lecture-notes/lec9.pdf.xml</adlcp:location>
            </metadata>
            <file href="contents/lecture-notes/lec9.pdf"/>
                        
        </resource>        
        <resource identifier="r_common.search.AdvancedSearch.htm"
                  type="webcontent"
                  href="common/search/AdvancedSearch.htm">
            <file href="common/search/AdvancedSearch.htm"/>
            <dependency identifierref="webrenderrequirements.14-384-time-series-analysis-fall-2008"/>            
        </resource>
        <resource identifier="r_common.jsp.feedback.htm"
                  type="webcontent"
                  href="common/jsp/feedback.htm">
            <file href="common/jsp/feedback.htm"/>
            <dependency identifierref="webrenderrequirements.14-384-time-series-analysis-fall-2008"/>            
        </resource>
        <resource identifier="r_common.terms.index.htm"
                  type="webcontent"
                  href="common/terms/index.htm">
            <file href="common/terms/share.png"/>
            <file href="common/terms/remix.png"/>
            <file href="common/terms/by.png"/>
            <file href="common/terms/nc.png"/>
            <file href="common/terms/sa.png"/>
            <file href="common/terms/deedheadyellow.png"/>
            <file href="common/terms/freedomsheader.png"/>
            <file href="common/terms/limitationsheader.png"/>
            <file href="common/terms/deedfootyellow.png"/>
            <dependency identifierref="webrenderrequirements.14-384-time-series-analysis-fall-2008"/>            
        </resource>
        <resource identifier="r_common.terms.trademarks.index.htm"
                  type="webcontent"
                  href="common/terms/trademarks/index.htm">
            <file href="common/terms/trademarks/index.htm"/>
            <dependency identifierref="webrenderrequirements.14-384-time-series-analysis-fall-2008"/>            
        </resource>
        <resource identifier="webrenderrequirements.14-384-time-series-analysis-fall-2008"
                  type="webcontent">
        	<file href="common/styles/base.css"/>
        	<file href="common/styles/courses.css"/>
        	<file href="common/styles/courses_new.css"/>
        	<file href="common/styles/global.css"/>
        	<file href="common/styles/grid.css"/>
        	<file href="common/styles/highslide.css"/>
        	<file href="common/styles/highslide-ie6.css"/>
        	<file href="common/styles/jquery.bubblepopup.css"/>
        	<file href="common/styles/jquery.jscrollpane.css"/>
        	<file href="common/styles/jquery-ui.css"/>
        	<file href="common/styles/menu.css"/>
        	<file href="common/styles/scholar2.css"/>
        	<file href="common/styles/media_tabs.css"/>
        	<file href="common/scripts/bubble-popup-offline.js"/>
        	<file href="common/scripts/common-utils-offline.js"/>
        	<file href="common/scripts/highslide-with-gallery.js"/>
        	<file href="common/scripts/jquery.bubblepopup.min.js"/>
        	<file href="common/scripts/jquery.jscrollpane.min.js"/>
        	<file href="common/scripts/jquery-ui.min.js"/>
        	<file href="common/scripts/jQuizMe-uncompressed.js"/>
        	<file href="common/scripts/ocw-offline.js"/>
        	<file href="common/scripts/expandy.js"/>
        	<file href="common/images/ocw_mast.png"/>
        	<file href="common/images/button_subscribe.png"/>
        	<file href="common/images/icon_fb.png"/>
        	<file href="common/images/icon_tw.png"/>
        	<file href="common/images/top-nav_home.png"/>
        	<file href="common/images/button_search.png"/>
        	<file href="common/images/bg_top.png"/>
        	<file href="common/images/bg_social.png"/>
        	<file href="common/images/bg_mega-courses.png"/>
        	<file href="common/images/bg_center2.png"/>
        	<file href="common/images/bg_course-nav_current.png"/>
        	<file href="common/images/button_donate-now.png"/>
        	<file href="common/images/logo_mit.png"/>
        	<file href="common/images/logo_ocwc.gif"/>
        	<file href="common/images/cc_by-nc-sa.png"/>
        	<file href="common/images/logo_dow.png"/>
        	<file href="common/images/logo_lockheed.png"/>
        	<file href="common/images/logo_mathworks.png"/>
        	<file href="common/images/logo_abinitio.png"/>
        	<file href="common/images/bg_bottom.png"/>
        	<file href="common/images/nav_arrow.png"/>
        	<file href="common/images/black-arrow.gif"/>
        	<file href="common/images/trans.gif"/>
        	<file href="common/images/arrow-bullet.gif"/>
        	<file href="common/images/apple-touch-icon.png"/>
        	<file href="common/images/highslide/graphics/zoomin.cur"/>
        	<file href="common/images/highslide/graphics/zoomout.cur"/>
        	<file href="common/images/highslide/graphics/controlbar2.gif"/>
        	<file href="common/images/highslide/graphics/controlbar3.gif"/>
        	<file href="common/images/highslide/graphics/controlbar4.gif"/>
        	<file href="common/images/highslide/graphics/controlbar4-hover.gif"/>
        	<file href="common/images/highslide/graphics/controlbar-black-border.gif"/>
        	<file href="common/images/highslide/graphics/controlbar-white.gif"/>
        	<file href="common/images/highslide/graphics/controlbar-white-small.gif"/>
        	<file href="common/images/highslide/graphics/fullexpand.gif"/>
        	<file href="common/images/highslide/graphics/icon.gif"/>
        	<file href="common/images/highslide/graphics/loader.gif"/>
        	<file href="common/images/highslide/graphics/loader.white.gif"/>
        	<file href="common/images/highslide/graphics/resize.gif"/>
        	<file href="common/images/highslide/graphics/close.png"/>
        	<file href="common/images/highslide/graphics/closeX.png"/>
        	<file href="common/images/highslide/graphics/controlbar-text-buttons.png"/>
        	<file href="common/images/highslide/graphics/geckodimmer.png"/>
        	<file href="common/images/highslide/graphics/scrollarrows.png"/>
        	<file href="common/images/highslide/graphics/outlines/beveled.png"/>
        	<file href="common/images/highslide/graphics/outlines/drop-shadow.png"/>
        	<file href="common/images/highslide/graphics/outlines/glossy-dark.png"/>
        	<file href="common/images/highslide/graphics/outlines/outer-glow.png"/>
        	<file href="common/images/highslide/graphics/outlines/rounded-black.png"/>
        	<file href="common/images/highslide/graphics/outlines/rounded-white.png"/>
        	<file href="common/images/highslide/graphics/outlines/Outlines.psd"/>
        	<file href="common/images/button_continue.jpg"/>
        	<file href="common/images/button_donate.jpg"/>
        	<file href="common/images/button_start.jpg"/>
        	<file href="common/images/scholar_bar_chp.png"/>
        	<file href="common/images/scholar_bar.png"/>
        	<file href="common/images/logo_pdf.jpg"/>
        	<file href="common/images/h2_trigger_open_close.gif"/>
        	<file href="common/images/bookmark.gif"/>
        	<file href="common/images/check.png"/>
        	<file href="common/images/lightbulb.png"/>
        	<file href="common/images/audio_file.gif"/>
        	<file href="common/images/audio_only_slate.gif"/>
        	<file href="common/images/video_file.gif"/>
        	<file href="common/images/back-5.png"/>
        	<file href="common/images/btn_next_resource.png"/>
        	<file href="common/images/btn_previous_resource.png"/>
        	<file href="common/images/close.png"/>
        	<file href="common/images/inacessible.gif"/>
        	<file href="common/images/jquerybubblepopup-theme/grey/ie/bottom-left.gif"/>
        	<file href="common/images/jquerybubblepopup-theme/grey/ie/bottom-middle.gif"/>
        	<file href="common/images/jquerybubblepopup-theme/grey/ie/bottom-right.gif"/>
        	<file href="common/images/jquerybubblepopup-theme/grey/ie/middle-left.gif"/>
        	<file href="common/images/jquerybubblepopup-theme/grey/ie/middle-right.gif"/>
        	<file href="common/images/jquerybubblepopup-theme/grey/ie/tail-bottom.gif"/>
        	<file href="common/images/jquerybubblepopup-theme/grey/ie/tail-left.gif"/>
        	<file href="common/images/jquerybubblepopup-theme/grey/ie/tail-right.gif"/>
        	<file href="common/images/jquerybubblepopup-theme/grey/ie/tail-top.gif"/>
        	<file href="common/images/jquerybubblepopup-theme/grey/ie/top-left.gif"/>
        	<file href="common/images/jquerybubblepopup-theme/grey/ie/top-middle.gif"/>
        	<file href="common/images/jquerybubblepopup-theme/grey/ie/top-right.gif"/>
        	<file href="common/images/jquerybubblepopup-theme/grey/bottom-left.png"/>
        	<file href="common/images/jquerybubblepopup-theme/grey/bottom-middle.png"/>
        	<file href="common/images/jquerybubblepopup-theme/grey/bottom-right.png"/>
        	<file href="common/images/jquerybubblepopup-theme/grey/middle-left.png"/>
        	<file href="common/images/jquerybubblepopup-theme/grey/middle-right.png"/>
        	<file href="common/images/jquerybubblepopup-theme/grey/tail-bottom.png"/>
        	<file href="common/images/jquerybubblepopup-theme/grey/tail-left.png"/>
        	<file href="common/images/jquerybubblepopup-theme/grey/tail-right.png"/>
        	<file href="common/images/jquerybubblepopup-theme/grey/tail-top.png"/>
        	<file href="common/images/jquerybubblepopup-theme/grey/top-left.png"/>
        	<file href="common/images/jquerybubblepopup-theme/grey/top-middle.png"/>
        	<file href="common/images/jquerybubblepopup-theme/grey/top-right.png"/>
        	<file href="common/webfonts/TitilliumText22L002-webfont.woff"/>
        	<file href="common/webfonts/TitilliumText22L002-webfont.ttf"/>
        	<file href="common/webfonts/TitilliumText22L002-webfont.svg"/>
        	<file href="common/webfonts/TitilliumText22L002-webfont.eot"/>
        	<file href="common/webfonts/TitilliumText22L003-webfont.woff"/>
        	<file href="common/webfonts/TitilliumText22L003-webfont.ttf"/>
        	<file href="common/webfonts/TitilliumText22L003-webfont.eot"/>
        	<file href="common/webfonts/TitilliumText22L003-webfont.svg"/>
        	<file href="common/webfonts/TitilliumText22L005-webfont.woff"/>
        	<file href="common/webfonts/TitilliumText22L005-webfont.ttf"/>
        	<file href="common/webfonts/TitilliumText22L005-webfont.svg"/>
        	<file href="common/webfonts/TitilliumText22L005-webfont.eot"/>
        </resource>        
  </resources>
</manifest>
