<?xml version="1.0" encoding="utf-8" ?>
<lom:lom xmlns="http://ocw.mit.edu/xmlns/LOM"
         xmlns:lom="http://ocw.mit.edu/xmlns/LOM"
         xmlns:ocwlom="http://ocw.mit.edu/xmlns/ocwLOM"
         xmlns:xsi="http://www.w3.org/2001/XMLSchema-instance"
         xsi:schemaLocation="http://ocw.mit.edu/xmlns/LOM http://ocw.mit.edu/xsd/LOM/lomv1.0/lomv1.0.xsd http://ocw.mit.edu/xmlns/ocwLOM http://ocw.mit.edu/xsd/ocwLOM/ocwlomv1.0/ocwlomv1.0.xsd">
  <!--************************************************************ 
  This LOM record was produced by an automatic transformation to IEEE LOM, from OpenCourseWare's (OCW) initial version of Learning Object Metadata (LOM). (The initial version was based on IMS Global Consortium's LOM.)
			********************************************************-->
<!--***************************-->
<!--**** GENERAL ****-->
<!--***************************-->
    <lom:general uniqueElementName="general">
        <lom:title uniqueElementName="title">
            <lom:string language="en">14-381f06.jpg</lom:string>
        </lom:title>
        <lom:description>
            <lom:string language="en">Approximations of a curve by linear splines with K=3 and K=8. The curve is approximated to a reasonable extent. (Image by Prof. Victor Chernozhukov.)</lom:string>
        </lom:description>
        <lom:language>en</lom:language>
        <lom:aggregationLevel uniqueElementName="aggregationLevel">
            <lom:source uniqueElementName="source">LOMv1.0</lom:source>
            <lom:value uniqueElementName="value">2</lom:value>
        </lom:aggregationLevel>
    </lom:general>
<!--***************************-->
<!--**** LIFECYCLE ****-->
<!--***************************-->
    <lom:lifeCycle uniqueElementName="lifeCycle">
        <lom:version uniqueElementName="version">
            <lom:string language="en">Fall 2006</lom:string>
        </lom:version>
        <lom:contribute>
            <lom:role>
                <lom:source uniqueElementName="source">OCW_LOMv1.0</lom:source>
                <lom:value uniqueElementName="value">Author</lom:value>
            </lom:role>
            <lom:entity>Chernozhukov, Victor</lom:entity>
            <lom:date uniqueElementName="date">
                <lom:dateTime uniqueElementName="dateTime">2013-11-28</lom:dateTime>
            </lom:date>
        </lom:contribute>
        
    </lom:lifeCycle>
<!--***************************-->
<!--**** TECHNICAL ****-->
<!--***************************-->
    <lom:technical uniqueElementName="technical">
        <lom:location>/courses/economics/14-381-statistical-method-in-economics-fall-2006/14-381f06.jpg</lom:location>
        <lom:format>image/jpeg</lom:format>
        <lom:otherPlatformRequirements>
			<lom:string language="en"></lom:string>
		</lom:otherPlatformRequirements>
		<lom:size>48050</lom:size>
        <lom:requirement>
            <lom:orComposite>
                <lom:type uniqueElementName="type">
                    <lom:source uniqueElementName="source">LOMv1.0</lom:source>
                    <lom:value uniqueElementName="value">Browser</lom:value>
                </lom:type>
                <lom:name uniqueElementName="name">
                    <lom:source uniqueElementName="source">LOMv1.0</lom:source>
                    <lom:value uniqueElementName="value">Internet Explorer</lom:value>
                </lom:name>
                <lom:minimumVersion
    uniqueElementName="minimumVersion">6.0</lom:minimumVersion>
            </lom:orComposite>
            <lom:orComposite>
                <lom:type uniqueElementName="type">
                    <lom:source uniqueElementName="source">LOMv1.0</lom:source>
                    <lom:value uniqueElementName="value">Browser</lom:value>
                </lom:type>
                <lom:name uniqueElementName="name">
                    <lom:source uniqueElementName="source">LOMv1.0</lom:source>
                    <lom:value uniqueElementName="value">Mozilla Firefox</lom:value>
                </lom:name>
                <lom:minimumVersion
    uniqueElementName="minimumVersion">3.0</lom:minimumVersion>
            </lom:orComposite>
            <lom:orComposite>
                <lom:type uniqueElementName="type">
                    <lom:source uniqueElementName="source">LOMv1.0</lom:source>
                    <lom:value uniqueElementName="value">Browser</lom:value>
                </lom:type>
                <lom:name uniqueElementName="name">
                    <lom:source uniqueElementName="source">LOMv1.0</lom:source>
                    <lom:value uniqueElementName="value">Safari</lom:value>
                </lom:name>
                <lom:minimumVersion
    uniqueElementName="minimumVersion">4.0</lom:minimumVersion>
            </lom:orComposite>
        </lom:requirement>
    </lom:technical>
<!--***************************-->
<!--**** EDUCATIONAL ****-->
<!--***************************-->
    <lom:educational>
    	<lom:learningResourceType>
			<lom:source uniqueElementName="source">LOMv1.0</lom:source>
			<lom:value uniqueElementName="value">Audio/Visual | Image/Image Set</lom:value>
		</lom:learningResourceType>
        <lom:context>
            <lom:source uniqueElementName="source">OCW_LOMv1.0</lom:source>
            <lom:value uniqueElementName="value">Graduate</lom:value>
        </lom:context>
        <lom:description>
			<lom:string language="en"></lom:string>
		</lom:description>
    </lom:educational>
<!--***************************-->
<!--**** RIGHTS ****-->
<!--***************************-->
    <lom:rights uniqueElementName="rights">
        <lom:copyrightAndOtherRestrictions uniqueElementName="copyrightAndOtherRestrictions">
            <lom:source uniqueElementName="source">LOMv1.0</lom:source>
            <lom:value uniqueElementName="value">yes</lom:value>
        </lom:copyrightAndOtherRestrictions>
        <lom:description>
            <lom:string language="en">This site (c) Massachusetts Institute of Technology 2013.  Content within individual courses is (c) by the individual authors unless otherwise noted. The Massachusetts Institute of Technology is providing this Work (as defined below) under the terms of this Creative Commons public license ("CCPL" or "license") unless otherwise noted. The Work is protected by copyright and/or other applicable law. Any use of the work other than as authorized under this license is prohibited. By exercising any of the rights to the Work provided here, You (as defined below) accept and agree to be bound by the terms of this license. The Licensor, the Massachusetts Institute of Technology, grants You the rights contained here in consideration of Your acceptance of such terms and conditions.</lom:string>
        </lom:description>
    </lom:rights>
<!--***************************-->
<!--**** RELATION ****-->
<!--***************************-->
    <lom:relation>
        <lom:kind uniqueElementName="kind">
            <lom:source uniqueElementName="source">LOMv1.0</lom:source>
            <lom:value uniqueElementName="value">ispartof</lom:value>
        </lom:kind>
        <lom:resource uniqueElementName="resource">
            <lom:identifier>
                <lom:catalog uniqueElementName="catalog">OCW Master Course Number</lom:catalog>
                <lom:entry uniqueElementName="entry">14.381 Statistical Method in Economics Fall 2006</lom:entry>
            </lom:identifier>
            <lom:description>
                <lom:string language="en">
The course introduces statistical theory to prepare students for the remainder of the econometrics sequence. The emphasis of the course is to understand the basic principles of statistical theory. A brief review of probability will be given; however, this material is assumed knowledge. The course also covers basic regression analysis. Topics covered include probability, random samples, asymptotic methods, point estimation, evaluation of estimators, Cramer-Rao theorem, hypothesis tests, Neyman Pearson lemma, Likelihood Ratio test, interval estimation, best linear predictor, best linear approximation, conditional expectation function, building functional forms, regression algebra, Gauss-Markov optimality, finite-sample inference, consistency, asymptotic normality, heteroscedasticity, and autocorrelation.</lom:string>
            </lom:description>
        </lom:resource>
    </lom:relation>
<!--***************************-->
<!--**** CLASSIFICATION ****-->
<!--***************************-->
    <lom:classification>
        <lom:taxonPath>
            <lom:source uniqueElementName="source">
                <lom:string language="en">CIP</lom:string>
            </lom:source>
            <lom:taxon>
                <lom:id uniqueElementName="id">450601</lom:id>
                <lom:entry uniqueElementName="entry">
                    <lom:string language="en">Economics, General</lom:string>
                </lom:entry>
            </lom:taxon>
        </lom:taxonPath>
        <lom:keyword>
            <lom:string language="en">statistical theory</lom:string>
        </lom:keyword>
        <lom:keyword>
            <lom:string language="en">econometrics</lom:string>
        </lom:keyword>
        <lom:keyword>
            <lom:string language="en">regression analysis</lom:string>
        </lom:keyword>
        <lom:keyword>
            <lom:string language="en">probability</lom:string>
        </lom:keyword>
        <lom:keyword>
            <lom:string language="en">random samples</lom:string>
        </lom:keyword>
        <lom:keyword>
            <lom:string language="en">asymptotic methods</lom:string>
        </lom:keyword>
        <lom:keyword>
            <lom:string language="en">point estimation</lom:string>
        </lom:keyword>
        <lom:keyword>
            <lom:string language="en">evaluation of estimators</lom:string>
        </lom:keyword>
        <lom:keyword>
            <lom:string language="en">Cramer-Rao theorem</lom:string>
        </lom:keyword>
        <lom:keyword>
            <lom:string language="en">hypothesis tests</lom:string>
        </lom:keyword>
        <lom:keyword>
            <lom:string language="en">Neyman Pearson lemma</lom:string>
        </lom:keyword>
        <lom:keyword>
            <lom:string language="en">Likelihood Ratio test</lom:string>
        </lom:keyword>
        <lom:keyword>
            <lom:string language="en">interval estimation</lom:string>
        </lom:keyword>
        <lom:keyword>
            <lom:string language="en">best linear predictor</lom:string>
        </lom:keyword>
        <lom:keyword>
            <lom:string language="en">best linear approximation</lom:string>
        </lom:keyword>
        <lom:keyword>
            <lom:string language="en">conditional expectation function</lom:string>
        </lom:keyword>
        <lom:keyword>
            <lom:string language="en">building functional forms</lom:string>
        </lom:keyword>
        <lom:keyword>
            <lom:string language="en">regression algebra</lom:string>
        </lom:keyword>
        <lom:keyword>
            <lom:string language="en">Gauss-Markov optimality</lom:string>
        </lom:keyword>
        <lom:keyword>
            <lom:string language="en">finite-sample inference</lom:string>
        </lom:keyword>
        <lom:keyword>
            <lom:string language="en">consistency</lom:string>
        </lom:keyword>
        <lom:keyword>
            <lom:string language="en">asymptotic normality</lom:string>
        </lom:keyword>
        <lom:keyword>
            <lom:string language="en">heteroscedasticity</lom:string>
        </lom:keyword>
        <lom:keyword>
            <lom:string language="en">autocorrelation</lom:string>
        </lom:keyword>
    </lom:classification>
</lom:lom>
