<?xml version="1.0" encoding="utf-8" ?>
<manifest xmlns="http://www.imsglobal.org/xsd/imscp_v1p1"
          xmlns:xsi="http://www.w3.org/2001/XMLSchema-instance"
          xmlns:adlcp="http://www.adlnet.org/xsd/adlcp_rootv1p2"
          xmlns:cwsp="http://www.dspace.org/xmlns/cwspace_imscp"
          xmlns:ocw="http://ocw.mit.edu/xmlns/ocw_imscp"
          xmlns:lom="http://ocw.mit.edu/xmlns/LOM"
          identifier="urn_edu.mit.ocw_14-386-new-econometric-methods-spring-2007"
          version="2013-11-28T18:48:32"
          cwsp:packageType="Course"
          xml:base="14-386-spring-2007/"
          xsi:schemaLocation="http://www.imsglobal.org/xsd/imscp_v1p1 http://www.imsglobal.org/xsd/imscp_v1p1.xsd  http://www.adlnet.org/xsd/adlcp_rootv1p2 http://www.adlnet.org/xsd/adlcp_rootv1p2.xsd http://www.dspace.org/xmlns/cwspace_imscp http://www.dspace.org/xsd/cwspace_imscp/version10/cwspace_imscpv10.xsd http://ocw.mit.edu/xmlns/ocw_imscp http://ocw.mit.edu/xsd/ocw_imscp/version10/ocw_imscpv10.xsd http://ocw.mit.edu/xmlns/LOM http://ocw.mit.edu/xsd/LOM/lomv1.0/lomv1.0.xsd">
   	<metadata>
   		<schema>IMS Content</schema>
        <schemaversion>1.1</schemaversion>
        <cwsp:packageMetadata>
            <cwsp:sourceSystem>OCW</cwsp:sourceSystem>
            <cwsp:profile>CWSpace</cwsp:profile>
            <cwsp:profileVersion>0.1</cwsp:profileVersion>
        </cwsp:packageMetadata>
        <lom:general uniqueElementName="general">
            <lom:title uniqueElementName="title">
				<lom:string language="en">New Econometric Methods</lom:string>
			</lom:title>
			<lom:identifier>
				<lom:catalog uniqueElementName="catalog">OCW Master Course Number</lom:catalog>
		      	<lom:entry uniqueElementName="entry">14.386</lom:entry>
			</lom:identifier>
        </lom:general>
        <lom:lifecycle uniqueElementName="lifeCycle">
            <lom:version uniqueElementName="version">
				<lom:string language="en">Spring 2007</lom:string>
			</lom:version>
            <lom:contribute>
	            <lom:role>
	                <lom:source uniqueElementName="source">OCW_LOMv1.0</lom:source>
	                <lom:value uniqueElementName="value">Author</lom:value>
	            </lom:role>
	            <lom:entity>Newey, Whitney</lom:entity>
	            <lom:date uniqueElementName="date">
	                <lom:dateTime uniqueElementName="dateTime">2013-11-28</lom:dateTime>
	            </lom:date>
        	</lom:contribute>
        </lom:lifecycle>
        <lom:taxonPath>
            <lom:source uniqueElementName="source">
                <lom:string language="en">OCW Course Categories</lom:string>
            </lom:source>
            <lom:taxon>
                <lom:entry uniqueElementName="entry">
                    <lom:string language="en">Social Science</lom:string>
                </lom:entry>
            </lom:taxon>
            <lom:taxon>
                <lom:entry uniqueElementName="entry">
                    <lom:string language="en">Economics</lom:string>
                </lom:entry>
            </lom:taxon>
            <lom:taxon>
                <lom:entry uniqueElementName="entry">
                    <lom:string language="en">Econometrics</lom:string>
                </lom:entry>
            </lom:taxon>
        </lom:taxonPath>
        <lom:taxonPath>
            <lom:source uniqueElementName="source">
                <lom:string language="en">OCW Course Categories</lom:string>
            </lom:source>
            <lom:taxon>
                <lom:entry uniqueElementName="entry">
                    <lom:string language="en">Mathematics</lom:string>
                </lom:entry>
            </lom:taxon>
            <lom:taxon>
                <lom:entry uniqueElementName="entry">
                    <lom:string language="en">Probability and Statistics</lom:string>
                </lom:entry>
            </lom:taxon>
            
        </lom:taxonPath>        
        <adlcp:location>contents/index.htm.xml</adlcp:location>
    </metadata>
    <organizations default="ocw_14-386-new-econometric-methods-spring-2007">
        <organization identifier="ocw_14-386-new-econometric-methods-spring-2007">
            <title>New Econometric Methods</title>
            <item identifier="i_14-386-new-econometric-methods-spring-2007.CourseHome"
                  identifierref="r_contents.index.htm"
                  ocw:sectionTemplateType="CourseHomePage"
                  ocw:sectionTemplateVersion="2013-11-28">
				<title>New Econometric Methods</title>
				<item identifier="i_14-386-new-econometric-methods-spring-2007.14-386s07.jpg"
          identifierref="r_contents.14-386s07.jpg">
				<title>14-386s07.jpg</title>
				</item>
				<item identifier="i_14-386-new-econometric-methods-spring-2007.14-386s07-th.jpg"
          identifierref="r_contents.14-386s07-th.jpg">
				<title>14-386s07-th.jpg</title>
				</item>
			</item>
            <item identifier="i_14-386-new-econometric-methods-spring-2007.syllabus"
                  identifierref="r_contents.syllabus.index.htm"
                  ocw:sectionTemplateType="CourseSection"
                  ocw:sectionTemplateVersion="2013-11-28">
				<title>Syllabus</title>
			</item>
            <item identifier="i_14-386-new-econometric-methods-spring-2007.readings"
                  identifierref="r_contents.readings.index.htm"
                  ocw:sectionTemplateType="CourseSection"
                  ocw:sectionTemplateVersion="2013-11-28">
				<title>Readings</title>
				<item identifier="i_14-386-new-econometric-methods-spring-2007.readings.ngmm07.pdf"
          identifierref="r_contents.readings.ngmm07.pdf">
				<title>ngmm07.pdf</title>
				</item>
				<item identifier="i_14-386-new-econometric-methods-spring-2007.readings.panel_data.pdf"
          identifierref="r_contents.readings.panel_data.pdf">
				<title>panel_data.pdf</title>
				</item>
				<item identifier="i_14-386-new-econometric-methods-spring-2007.readings.local_lin_reg_ocr.pdf"
          identifierref="r_contents.readings.local_lin_reg_ocr.pdf">
				<title>local_lin_reg_ocr.pdf</title>
				</item>
				<item identifier="i_14-386-new-econometric-methods-spring-2007.readings.nonsemi_est_edit.pdf"
          identifierref="r_contents.readings.nonsemi_est_edit.pdf">
				<title>nonsemi_est_edit.pdf</title>
				</item>
				<item identifier="i_14-386-new-econometric-methods-spring-2007.readings.treatment_effect.pdf"
          identifierref="r_contents.readings.treatment_effect.pdf">
				<title>treatment_effect.pdf</title>
				</item>
			</item>
            <item identifier="i_14-386-new-econometric-methods-spring-2007.assignments"
                  identifierref="r_contents.assignments.index.htm"
                  ocw:sectionTemplateType="CourseSection"
                  ocw:sectionTemplateVersion="2013-11-28">
				<title>Assignments</title>
				<item identifier="i_14-386-new-econometric-methods-spring-2007.assignments.ps01_14_386.pdf"
          identifierref="r_contents.assignments.ps01_14_386.pdf">
				<title>ps01_14_386.pdf</title>
				</item>
				<item identifier="i_14-386-new-econometric-methods-spring-2007.assignments.ps1_gasdata.txt"
          identifierref="r_contents.assignments.ps1_gasdata.txt">
				<title>ps1_gasdata.txt</title>
				</item>
			</item>
            <item identifier="i_terms"
                  identifierref="r_common.terms.index.htm"
                  ocw:sectionTemplateType="GlobalSection"
                  ocw:sectionTemplateVersion="2013-11-28">
				<title>Legal Notices</title>
			</item>
            <item identifier="i_terms"
                  identifierref="r_common.terms.index.htm"
                  ocw:sectionTemplateType="GlobalSection"
                  ocw:sectionTemplateVersion="2013-11-28">
				<title>Privacy Statement</title>
			</item>
            <item identifier="i_terms.trademarks"
                  identifierref="r_common.terms.trademarks.index.htm"
                  ocw:sectionTemplateType="GlobalSection"
                  ocw:sectionTemplateVersion="2013-11-28">
				<title>Trademark Notices</title>
			</item>
        </organization>
    </organizations>
    <resources>
        <resource identifier="r_contents.14-386s07.jpg"
                  type="other" href="contents/14-386s07.jpg">
            <metadata>
                <adlcp:location>contents/14-386s07.jpg.xml</adlcp:location>
            </metadata>
            <file href="contents/14-386s07.jpg"/>
                        
        </resource>
        <resource identifier="r_contents.readings.local_lin_reg_ocr.pdf"
                  type="other"
                  href="contents/readings/local_lin_reg_ocr.pdf">
            <metadata>
                <adlcp:location>contents/readings/local_lin_reg_ocr.pdf.xml</adlcp:location>
            </metadata>
            <file href="contents/readings/local_lin_reg_ocr.pdf"/>
                        
        </resource>
        <resource identifier="r_contents.readings.treatment_effect.pdf"
                  type="other"
                  href="contents/readings/treatment_effect.pdf">
            <metadata>
                <adlcp:location>contents/readings/treatment_effect.pdf.xml</adlcp:location>
            </metadata>
            <file href="contents/readings/treatment_effect.pdf"/>
                        
        </resource>
        <resource identifier="r_contents.14-386s07-th.jpg"
                  type="other"
                  href="contents/14-386s07-th.jpg">
            <metadata>
                <adlcp:location>contents/14-386s07-th.jpg.xml</adlcp:location>
            </metadata>
            <file href="contents/14-386s07-th.jpg"/>
                        
        </resource>
        <resource identifier="r_contents.readings.panel_data.pdf"
                  type="other"
                  href="contents/readings/panel_data.pdf">
            <metadata>
                <adlcp:location>contents/readings/panel_data.pdf.xml</adlcp:location>
            </metadata>
            <file href="contents/readings/panel_data.pdf"/>
                        
        </resource>
        <resource identifier="r_contents.assignments.ps01_14_386.pdf"
                  type="other"
                  href="contents/assignments/ps01_14_386.pdf">
            <metadata>
                <adlcp:location>contents/assignments/ps01_14_386.pdf.xml</adlcp:location>
            </metadata>
            <file href="contents/assignments/ps01_14_386.pdf"/>
                        
        </resource>
        <resource identifier="r_contents.readings.ngmm07.pdf"
                  type="other"
                  href="contents/readings/ngmm07.pdf">
            <metadata>
                <adlcp:location>contents/readings/ngmm07.pdf.xml</adlcp:location>
            </metadata>
            <file href="contents/readings/ngmm07.pdf"/>
                        
        </resource>
        <resource identifier="r_contents.readings.index.htm"
                  type="webcontent"
                  href="contents/readings/index.htm">
            <metadata>
                <adlcp:location>contents/readings/index.htm.xml</adlcp:location>
            </metadata>
            <file href="contents/readings/index.htm"/>
            <dependency identifierref="webrenderrequirements.14-386-new-econometric-methods-spring-2007"/>            
        </resource>
        <resource identifier="r_contents.readings.nonsemi_est_edit.pdf"
                  type="other"
                  href="contents/readings/nonsemi_est_edit.pdf">
            <metadata>
                <adlcp:location>contents/readings/nonsemi_est_edit.pdf.xml</adlcp:location>
            </metadata>
            <file href="contents/readings/nonsemi_est_edit.pdf"/>
                        
        </resource>
        <resource identifier="r_contents.assignments.ps1_gasdata.txt"
                  type="other"
                  href="contents/assignments/ps1_gasdata.txt">
            <metadata>
                <adlcp:location>contents/assignments/ps1_gasdata.txt.xml</adlcp:location>
            </metadata>
            <file href="contents/assignments/ps1_gasdata.txt"/>
                        
        </resource>
        <resource identifier="r_contents.index.htm"
                  type="webcontent"
                  href="contents/index.htm">
            <metadata>
                <adlcp:location>contents/index.htm.xml</adlcp:location>
            </metadata>
            <file href="contents/index.htm"/>
            <dependency identifierref="webrenderrequirements.14-386-new-econometric-methods-spring-2007"/>            
        </resource>
        <resource identifier="r_contents.assignments.index.htm"
                  type="webcontent"
                  href="contents/assignments/index.htm">
            <metadata>
                <adlcp:location>contents/assignments/index.htm.xml</adlcp:location>
            </metadata>
            <file href="contents/assignments/index.htm"/>
            <dependency identifierref="webrenderrequirements.14-386-new-econometric-methods-spring-2007"/>            
        </resource>
        <resource identifier="r_contents.syllabus.index.htm"
                  type="webcontent"
                  href="contents/syllabus/index.htm">
            <metadata>
                <adlcp:location>contents/syllabus/index.htm.xml</adlcp:location>
            </metadata>
            <file href="contents/syllabus/index.htm"/>
            <dependency identifierref="webrenderrequirements.14-386-new-econometric-methods-spring-2007"/>            
        </resource>        
        <resource identifier="r_common.search.AdvancedSearch.htm"
                  type="webcontent"
                  href="common/search/AdvancedSearch.htm">
            <file href="common/search/AdvancedSearch.htm"/>
            <dependency identifierref="webrenderrequirements.14-386-new-econometric-methods-spring-2007"/>            
        </resource>
        <resource identifier="r_common.jsp.feedback.htm"
                  type="webcontent"
                  href="common/jsp/feedback.htm">
            <file href="common/jsp/feedback.htm"/>
            <dependency identifierref="webrenderrequirements.14-386-new-econometric-methods-spring-2007"/>            
        </resource>
        <resource identifier="r_common.terms.index.htm"
                  type="webcontent"
                  href="common/terms/index.htm">
            <file href="common/terms/share.png"/>
            <file href="common/terms/remix.png"/>
            <file href="common/terms/by.png"/>
            <file href="common/terms/nc.png"/>
            <file href="common/terms/sa.png"/>
            <file href="common/terms/deedheadyellow.png"/>
            <file href="common/terms/freedomsheader.png"/>
            <file href="common/terms/limitationsheader.png"/>
            <file href="common/terms/deedfootyellow.png"/>
            <dependency identifierref="webrenderrequirements.14-386-new-econometric-methods-spring-2007"/>            
        </resource>
        <resource identifier="r_common.terms.trademarks.index.htm"
                  type="webcontent"
                  href="common/terms/trademarks/index.htm">
            <file href="common/terms/trademarks/index.htm"/>
            <dependency identifierref="webrenderrequirements.14-386-new-econometric-methods-spring-2007"/>            
        </resource>
        <resource identifier="webrenderrequirements.14-386-new-econometric-methods-spring-2007"
                  type="webcontent">
        	<file href="common/styles/base.css"/>
        	<file href="common/styles/courses.css"/>
        	<file href="common/styles/courses_new.css"/>
        	<file href="common/styles/global.css"/>
        	<file href="common/styles/grid.css"/>
        	<file href="common/styles/highslide.css"/>
        	<file href="common/styles/highslide-ie6.css"/>
        	<file href="common/styles/jquery.bubblepopup.css"/>
        	<file href="common/styles/jquery.jscrollpane.css"/>
        	<file href="common/styles/jquery-ui.css"/>
        	<file href="common/styles/menu.css"/>
        	<file href="common/styles/scholar2.css"/>
        	<file href="common/styles/media_tabs.css"/>
        	<file href="common/scripts/bubble-popup-offline.js"/>
        	<file href="common/scripts/common-utils-offline.js"/>
        	<file href="common/scripts/highslide-with-gallery.js"/>
        	<file href="common/scripts/jquery.bubblepopup.min.js"/>
        	<file href="common/scripts/jquery.jscrollpane.min.js"/>
        	<file href="common/scripts/jquery-ui.min.js"/>
        	<file href="common/scripts/jQuizMe-uncompressed.js"/>
        	<file href="common/scripts/ocw-offline.js"/>
        	<file href="common/scripts/expandy.js"/>
        	<file href="common/images/ocw_mast.png"/>
        	<file href="common/images/button_subscribe.png"/>
        	<file href="common/images/icon_fb.png"/>
        	<file href="common/images/icon_tw.png"/>
        	<file href="common/images/top-nav_home.png"/>
        	<file href="common/images/button_search.png"/>
        	<file href="common/images/bg_top.png"/>
        	<file href="common/images/bg_social.png"/>
        	<file href="common/images/bg_mega-courses.png"/>
        	<file href="common/images/bg_center2.png"/>
        	<file href="common/images/bg_course-nav_current.png"/>
        	<file href="common/images/button_donate-now.png"/>
        	<file href="common/images/logo_mit.png"/>
        	<file href="common/images/logo_ocwc.gif"/>
        	<file href="common/images/cc_by-nc-sa.png"/>
        	<file href="common/images/logo_dow.png"/>
        	<file href="common/images/logo_lockheed.png"/>
        	<file href="common/images/logo_mathworks.png"/>
        	<file href="common/images/logo_abinitio.png"/>
        	<file href="common/images/bg_bottom.png"/>
        	<file href="common/images/nav_arrow.png"/>
        	<file href="common/images/black-arrow.gif"/>
        	<file href="common/images/trans.gif"/>
        	<file href="common/images/arrow-bullet.gif"/>
        	<file href="common/images/apple-touch-icon.png"/>
        	<file href="common/images/highslide/graphics/zoomin.cur"/>
        	<file href="common/images/highslide/graphics/zoomout.cur"/>
        	<file href="common/images/highslide/graphics/controlbar2.gif"/>
        	<file href="common/images/highslide/graphics/controlbar3.gif"/>
        	<file href="common/images/highslide/graphics/controlbar4.gif"/>
        	<file href="common/images/highslide/graphics/controlbar4-hover.gif"/>
        	<file href="common/images/highslide/graphics/controlbar-black-border.gif"/>
        	<file href="common/images/highslide/graphics/controlbar-white.gif"/>
        	<file href="common/images/highslide/graphics/controlbar-white-small.gif"/>
        	<file href="common/images/highslide/graphics/fullexpand.gif"/>
        	<file href="common/images/highslide/graphics/icon.gif"/>
        	<file href="common/images/highslide/graphics/loader.gif"/>
        	<file href="common/images/highslide/graphics/loader.white.gif"/>
        	<file href="common/images/highslide/graphics/resize.gif"/>
        	<file href="common/images/highslide/graphics/close.png"/>
        	<file href="common/images/highslide/graphics/closeX.png"/>
        	<file href="common/images/highslide/graphics/controlbar-text-buttons.png"/>
        	<file href="common/images/highslide/graphics/geckodimmer.png"/>
        	<file href="common/images/highslide/graphics/scrollarrows.png"/>
        	<file href="common/images/highslide/graphics/outlines/beveled.png"/>
        	<file href="common/images/highslide/graphics/outlines/drop-shadow.png"/>
        	<file href="common/images/highslide/graphics/outlines/glossy-dark.png"/>
        	<file href="common/images/highslide/graphics/outlines/outer-glow.png"/>
        	<file href="common/images/highslide/graphics/outlines/rounded-black.png"/>
        	<file href="common/images/highslide/graphics/outlines/rounded-white.png"/>
        	<file href="common/images/highslide/graphics/outlines/Outlines.psd"/>
        	<file href="common/images/button_continue.jpg"/>
        	<file href="common/images/button_donate.jpg"/>
        	<file href="common/images/button_start.jpg"/>
        	<file href="common/images/scholar_bar_chp.png"/>
        	<file href="common/images/scholar_bar.png"/>
        	<file href="common/images/logo_pdf.jpg"/>
        	<file href="common/images/h2_trigger_open_close.gif"/>
        	<file href="common/images/bookmark.gif"/>
        	<file href="common/images/check.png"/>
        	<file href="common/images/lightbulb.png"/>
        	<file href="common/images/audio_file.gif"/>
        	<file href="common/images/audio_only_slate.gif"/>
        	<file href="common/images/video_file.gif"/>
        	<file href="common/images/back-5.png"/>
        	<file href="common/images/btn_next_resource.png"/>
        	<file href="common/images/btn_previous_resource.png"/>
        	<file href="common/images/close.png"/>
        	<file href="common/images/inacessible.gif"/>
        	<file href="common/images/jquerybubblepopup-theme/grey/ie/bottom-left.gif"/>
        	<file href="common/images/jquerybubblepopup-theme/grey/ie/bottom-middle.gif"/>
        	<file href="common/images/jquerybubblepopup-theme/grey/ie/bottom-right.gif"/>
        	<file href="common/images/jquerybubblepopup-theme/grey/ie/middle-left.gif"/>
        	<file href="common/images/jquerybubblepopup-theme/grey/ie/middle-right.gif"/>
        	<file href="common/images/jquerybubblepopup-theme/grey/ie/tail-bottom.gif"/>
        	<file href="common/images/jquerybubblepopup-theme/grey/ie/tail-left.gif"/>
        	<file href="common/images/jquerybubblepopup-theme/grey/ie/tail-right.gif"/>
        	<file href="common/images/jquerybubblepopup-theme/grey/ie/tail-top.gif"/>
        	<file href="common/images/jquerybubblepopup-theme/grey/ie/top-left.gif"/>
        	<file href="common/images/jquerybubblepopup-theme/grey/ie/top-middle.gif"/>
        	<file href="common/images/jquerybubblepopup-theme/grey/ie/top-right.gif"/>
        	<file href="common/images/jquerybubblepopup-theme/grey/bottom-left.png"/>
        	<file href="common/images/jquerybubblepopup-theme/grey/bottom-middle.png"/>
        	<file href="common/images/jquerybubblepopup-theme/grey/bottom-right.png"/>
        	<file href="common/images/jquerybubblepopup-theme/grey/middle-left.png"/>
        	<file href="common/images/jquerybubblepopup-theme/grey/middle-right.png"/>
        	<file href="common/images/jquerybubblepopup-theme/grey/tail-bottom.png"/>
        	<file href="common/images/jquerybubblepopup-theme/grey/tail-left.png"/>
        	<file href="common/images/jquerybubblepopup-theme/grey/tail-right.png"/>
        	<file href="common/images/jquerybubblepopup-theme/grey/tail-top.png"/>
        	<file href="common/images/jquerybubblepopup-theme/grey/top-left.png"/>
        	<file href="common/images/jquerybubblepopup-theme/grey/top-middle.png"/>
        	<file href="common/images/jquerybubblepopup-theme/grey/top-right.png"/>
        	<file href="common/webfonts/TitilliumText22L002-webfont.woff"/>
        	<file href="common/webfonts/TitilliumText22L002-webfont.ttf"/>
        	<file href="common/webfonts/TitilliumText22L002-webfont.svg"/>
        	<file href="common/webfonts/TitilliumText22L002-webfont.eot"/>
        	<file href="common/webfonts/TitilliumText22L003-webfont.woff"/>
        	<file href="common/webfonts/TitilliumText22L003-webfont.ttf"/>
        	<file href="common/webfonts/TitilliumText22L003-webfont.eot"/>
        	<file href="common/webfonts/TitilliumText22L003-webfont.svg"/>
        	<file href="common/webfonts/TitilliumText22L005-webfont.woff"/>
        	<file href="common/webfonts/TitilliumText22L005-webfont.ttf"/>
        	<file href="common/webfonts/TitilliumText22L005-webfont.svg"/>
        	<file href="common/webfonts/TitilliumText22L005-webfont.eot"/>
        </resource>        
  </resources>
</manifest>
