<?xml version="1.0" encoding="utf-8" ?>
<manifest xmlns="http://www.imsglobal.org/xsd/imscp_v1p1"
          xmlns:xsi="http://www.w3.org/2001/XMLSchema-instance"
          xmlns:adlcp="http://www.adlnet.org/xsd/adlcp_rootv1p2"
          xmlns:cwsp="http://www.dspace.org/xmlns/cwspace_imscp"
          xmlns:ocw="http://ocw.mit.edu/xmlns/ocw_imscp"
          xmlns:lom="http://ocw.mit.edu/xmlns/LOM"
          identifier="urn_edu.mit.ocw_14-384-time-series-analysis-fall-2013"
          version="2014-8-11T2:49:0"
          cwsp:packageType="Course"
          xml:base="14-384-fall-2013/"
          xsi:schemaLocation="http://www.imsglobal.org/xsd/imscp_v1p1 http://www.imsglobal.org/xsd/imscp_v1p1.xsd  http://www.adlnet.org/xsd/adlcp_rootv1p2 http://www.adlnet.org/xsd/adlcp_rootv1p2.xsd http://www.dspace.org/xmlns/cwspace_imscp http://www.dspace.org/xsd/cwspace_imscp/version10/cwspace_imscpv10.xsd http://ocw.mit.edu/xmlns/ocw_imscp http://ocw.mit.edu/xsd/ocw_imscp/version10/ocw_imscpv10.xsd http://ocw.mit.edu/xmlns/LOM http://ocw.mit.edu/xsd/LOM/lomv1.0/lomv1.0.xsd">
   	<metadata>
   		<schema>IMS Content</schema>
        <schemaversion>1.1</schemaversion>
        <cwsp:packageMetadata>
            <cwsp:sourceSystem>OCW</cwsp:sourceSystem>
            <cwsp:profile>CWSpace</cwsp:profile>
            <cwsp:profileVersion>0.1</cwsp:profileVersion>
        </cwsp:packageMetadata>
        <lom:general uniqueElementName="general">
            <lom:title uniqueElementName="title">
				<lom:string language="en">Time Series Analysis</lom:string>
			</lom:title>
			<lom:identifier>
				<lom:catalog uniqueElementName="catalog">OCW Master Course Number</lom:catalog>
		      	<lom:entry uniqueElementName="entry">14.384</lom:entry>
			</lom:identifier>
        </lom:general>
        <lom:lifecycle uniqueElementName="lifeCycle">
            <lom:version uniqueElementName="version">
				<lom:string language="en">Fall 2013</lom:string>
			</lom:version>
            <lom:contribute>
	            <lom:role>
	                <lom:source uniqueElementName="source">OCW_LOMv1.0</lom:source>
	                <lom:value uniqueElementName="value">Author</lom:value>
	            </lom:role>
	            <lom:entity>Mikusheva, Anna</lom:entity>
	            <lom:date uniqueElementName="date">
	                <lom:dateTime uniqueElementName="dateTime">2014-8-11</lom:dateTime>
	            </lom:date>
        	</lom:contribute>
        </lom:lifecycle>
        <lom:taxonPath>
            <lom:source uniqueElementName="source">
                <lom:string language="en">OCW Course Categories</lom:string>
            </lom:source>
            <lom:taxon>
                <lom:entry uniqueElementName="entry">
                    <lom:string language="en">Mathematics</lom:string>
                </lom:entry>
            </lom:taxon>
            <lom:taxon>
                <lom:entry uniqueElementName="entry">
                    <lom:string language="en">Probability and Statistics</lom:string>
                </lom:entry>
            </lom:taxon>
            
        </lom:taxonPath>
        <lom:taxonPath>
            <lom:source uniqueElementName="source">
                <lom:string language="en">OCW Course Categories</lom:string>
            </lom:source>
            <lom:taxon>
                <lom:entry uniqueElementName="entry">
                    <lom:string language="en">Social Science</lom:string>
                </lom:entry>
            </lom:taxon>
            <lom:taxon>
                <lom:entry uniqueElementName="entry">
                    <lom:string language="en">Economics</lom:string>
                </lom:entry>
            </lom:taxon>
            
        </lom:taxonPath>
        <lom:taxonPath>
            <lom:source uniqueElementName="source">
                <lom:string language="en">OCW Course Categories</lom:string>
            </lom:source>
            <lom:taxon>
                <lom:entry uniqueElementName="entry">
                    <lom:string language="en">Social Science</lom:string>
                </lom:entry>
            </lom:taxon>
            <lom:taxon>
                <lom:entry uniqueElementName="entry">
                    <lom:string language="en">Economics</lom:string>
                </lom:entry>
            </lom:taxon>
            <lom:taxon>
                <lom:entry uniqueElementName="entry">
                    <lom:string language="en">Econometrics</lom:string>
                </lom:entry>
            </lom:taxon>
        </lom:taxonPath>
        <lom:taxonPath>
            <lom:source uniqueElementName="source">
                <lom:string language="en">OCW Course Categories</lom:string>
            </lom:source>
            <lom:taxon>
                <lom:entry uniqueElementName="entry">
                    <lom:string language="en">Social Science</lom:string>
                </lom:entry>
            </lom:taxon>
            <lom:taxon>
                <lom:entry uniqueElementName="entry">
                    <lom:string language="en">Economics</lom:string>
                </lom:entry>
            </lom:taxon>
            <lom:taxon>
                <lom:entry uniqueElementName="entry">
                    <lom:string language="en">Macroeconomics</lom:string>
                </lom:entry>
            </lom:taxon>
        </lom:taxonPath>        
        <adlcp:location>contents/index.htm.xml</adlcp:location>
    </metadata>
    <organizations default="ocw_14-384-time-series-analysis-fall-2013">
        <organization identifier="ocw_14-384-time-series-analysis-fall-2013">
            <title>Time Series Analysis</title>
            <item identifier="i_14-384-time-series-analysis-fall-2013.CourseHome"
                  identifierref="r_contents.index.htm"
                  ocw:sectionTemplateType="CourseHomePage"
                  ocw:sectionTemplateVersion="2014-8-11">
				<title>Time Series Analysis</title>
				<item identifier="i_14-384-time-series-analysis-fall-2013.14-384f13-th.jpg"
          identifierref="r_contents.14-384f13-th.jpg">
				<title>14-384f13-th.jpg</title>
				</item>
				<item identifier="i_14-384-time-series-analysis-fall-2013.14-384f13.jpg"
          identifierref="r_contents.14-384f13.jpg">
				<title>14-384f13.jpg</title>
				</item>
			</item>
            <item identifier="i_14-384-time-series-analysis-fall-2013.readings"
                  identifierref="r_contents.readings.index.htm"
                  ocw:sectionTemplateType="CourseSection"
                  ocw:sectionTemplateVersion="2014-8-11">
				<title>Readings</title>
			</item>
            <item identifier="i_14-384-time-series-analysis-fall-2013.Syllabus"
                  identifierref="r_contents.Syllabus.index.htm"
                  ocw:sectionTemplateType="CourseSection"
                  ocw:sectionTemplateVersion="2014-8-11">
				<title>Syllabus</title>
			</item>
            <item identifier="i_14-384-time-series-analysis-fall-2013.this-course-at-mit"
                  identifierref="r_contents.this-course-at-mit.index.htm"
                  ocw:sectionTemplateType="ThisCourseAtMITSection"
                  ocw:sectionTemplateVersion="2014-8-11">
				<title>This Course at MIT</title>
				<item identifier="i_14-384-time-series-analysis-fall-2013.this-course-at-mit.14-384_stat-students.png"
          identifierref="r_contents.this-course-at-mit.14-384_stat-students.png">
				<title>14-384_stat-students.png</title>
				</item>
				<item identifier="i_14-384-time-series-analysis-fall-2013.this-course-at-mit.14-384_classroom-1.jpg"
          identifierref="r_contents.this-course-at-mit.14-384_classroom-1.jpg">
				<title>14-384_classroom-1.jpg</title>
				</item>
				<item identifier="i_14-384-time-series-analysis-fall-2013.this-course-at-mit.14-384_classroom-2.jpg"
          identifierref="r_contents.this-course-at-mit.14-384_classroom-2.jpg">
				<title>14-384_classroom-2.jpg</title>
				</item>
			</item>
            <item identifier="i_14-384-time-series-analysis-fall-2013.calendar"
                  identifierref="r_contents.calendar.index.htm"
                  ocw:sectionTemplateType="CourseSection"
                  ocw:sectionTemplateVersion="2014-8-11">
				<title>Calendar</title>
			</item>
            <item identifier="i_14-384-time-series-analysis-fall-2013.assignments-and-exams"
                  identifierref="r_contents.assignments-and-exams.index.htm"
                  ocw:sectionTemplateType="CourseSection"
                  ocw:sectionTemplateVersion="2014-8-11">
				<title>Assignments and Exams</title>
				<item identifier="i_14-384-time-series-analysis-fall-2013.assignments-and-exams.MIT14_384F13_exam.pdf"
          identifierref="r_contents.assignments-and-exams.MIT14_384F13_exam.pdf">
				<title>14.384 Final Exam</title>
				</item>
				<item identifier="i_14-384-time-series-analysis-fall-2013.assignments-and-exams.MIT14_384F13_problems.pdf"
          identifierref="r_contents.assignments-and-exams.MIT14_384F13_problems.pdf">
				<title>14.384 Sample problems</title>
				</item>
			</item>
            <item identifier="i_14-384-time-series-analysis-fall-2013.recitations"
                  identifierref="r_contents.recitations.index.htm"
                  ocw:sectionTemplateType="CourseSection"
                  ocw:sectionTemplateVersion="2014-8-11">
				<title>Recitations</title>
				<item identifier="i_14-384-time-series-analysis-fall-2013.recitations.MIT14_384F13_rec10.pdf"
          identifierref="r_contents.recitations.MIT14_384F13_rec10.pdf">
				<title>Recitation 10</title>
				</item>
				<item identifier="i_14-384-time-series-analysis-fall-2013.recitations.MIT14_384F13_rec1.pdf"
          identifierref="r_contents.recitations.MIT14_384F13_rec1.pdf">
				<title>Recitation 1</title>
				</item>
				<item identifier="i_14-384-time-series-analysis-fall-2013.recitations.MIT14_384F13_rec2.pdf"
          identifierref="r_contents.recitations.MIT14_384F13_rec2.pdf">
				<title>Recitation 2</title>
				</item>
				<item identifier="i_14-384-time-series-analysis-fall-2013.recitations.MIT14_384F13_rec4.pdf"
          identifierref="r_contents.recitations.MIT14_384F13_rec4.pdf">
				<title>Recitation 4</title>
				</item>
				<item identifier="i_14-384-time-series-analysis-fall-2013.recitations.MIT14_384F13_rec5.pdf"
          identifierref="r_contents.recitations.MIT14_384F13_rec5.pdf">
				<title>Recitation 5</title>
				</item>
				<item identifier="i_14-384-time-series-analysis-fall-2013.recitations.MIT14_384F13_rec11.pdf"
          identifierref="r_contents.recitations.MIT14_384F13_rec11.pdf">
				<title>Recitation 11</title>
				</item>
				<item identifier="i_14-384-time-series-analysis-fall-2013.recitations.MIT14_384F13_rec6.pdf"
          identifierref="r_contents.recitations.MIT14_384F13_rec6.pdf">
				<title>Recitation 6</title>
				</item>
				<item identifier="i_14-384-time-series-analysis-fall-2013.recitations.MIT14_384F13_rec12.pdf"
          identifierref="r_contents.recitations.MIT14_384F13_rec12.pdf">
				<title>Recitation 12</title>
				</item>
				<item identifier="i_14-384-time-series-analysis-fall-2013.recitations.MIT14_384F13_rec3.pdf"
          identifierref="r_contents.recitations.MIT14_384F13_rec3.pdf">
				<title>Recitation 3</title>
				</item>
				<item identifier="i_14-384-time-series-analysis-fall-2013.recitations.MIT14_384F13_rec2matlab.pdf"
          identifierref="r_contents.recitations.MIT14_384F13_rec2matlab.pdf">
				<title>Recitation 2: Time Series in Matlab</title>
				</item>
				<item identifier="i_14-384-time-series-analysis-fall-2013.recitations.MIT14_384F13_rec9.pdf"
          identifierref="r_contents.recitations.MIT14_384F13_rec9.pdf">
				<title>Recitation 9</title>
				</item>
				<item identifier="i_14-384-time-series-analysis-fall-2013.recitations.MIT14_384F13_rec8.pdf"
          identifierref="r_contents.recitations.MIT14_384F13_rec8.pdf">
				<title>Recitation 8</title>
				</item>
				<item identifier="i_14-384-time-series-analysis-fall-2013.recitations.MIT14_384F13_rec7.pdf"
          identifierref="r_contents.recitations.MIT14_384F13_rec7.pdf">
				<title>Recitation 7</title>
				</item>
			</item>
            <item identifier="i_14-384-time-series-analysis-fall-2013.lecture-notes"
                  identifierref="r_contents.lecture-notes.index.htm"
                  ocw:sectionTemplateType="CourseSection"
                  ocw:sectionTemplateVersion="2014-8-11">
				<title>Lecture Notes</title>
				<item identifier="i_14-384-time-series-analysis-fall-2013.lecture-notes.MIT14_384F13_lec25.pdf"
          identifierref="r_contents.lecture-notes.MIT14_384F13_lec25.pdf">
				<title>Lecture Notes 25: MCMC: Metropolis Hastings Algorithm</title>
				</item>
				<item identifier="i_14-384-time-series-analysis-fall-2013.lecture-notes.MIT14_384F13_lec12and13.pdf"
          identifierref="r_contents.lecture-notes.MIT14_384F13_lec12and13.pdf">
				<title>Lecture Notes 12-13: Structural VARs</title>
				</item>
				<item identifier="i_14-384-time-series-analysis-fall-2013.lecture-notes.MIT14_384F13_lec21.pdf"
          identifierref="r_contents.lecture-notes.MIT14_384F13_lec21.pdf">
				<title>Lecture Notes 21: Filtering, State space models, Kalman filter</title>
				</item>
				<item identifier="i_14-384-time-series-analysis-fall-2013.lecture-notes.MIT14_384F13_lec9.pdf"
          identifierref="r_contents.lecture-notes.MIT14_384F13_lec9.pdf">
				<title>Lecture Notes 9: Bootstrap</title>
				</item>
				<item identifier="i_14-384-time-series-analysis-fall-2013.lecture-notes.MIT14_384F13_lec16.pdf"
          identifierref="r_contents.lecture-notes.MIT14_384F13_lec16.pdf">
				<title>Lecture Notes 16: Empirical Processes</title>
				</item>
				<item identifier="i_14-384-time-series-analysis-fall-2013.lecture-notes.MIT14_384F13_lec4.pdf"
          identifierref="r_contents.lecture-notes.MIT14_384F13_lec4.pdf">
				<title>Lecture Notes 4: Spectrum</title>
				</item>
				<item identifier="i_14-384-time-series-analysis-fall-2013.lecture-notes.MIT14_384F13_lec19.pdf"
          identifierref="r_contents.lecture-notes.MIT14_384F13_lec19.pdf">
				<title>Lecture Notes 19: Breaks and Cointegration</title>
				</item>
				<item identifier="i_14-384-time-series-analysis-fall-2013.lecture-notes.MIT14_384F13_lec1.pdf"
          identifierref="r_contents.lecture-notes.MIT14_384F13_lec1.pdf">
				<title>Lecture Notes 1: Stationarity, Lag Operator, ARMA, and Covariance Structure</title>
				</item>
				<item identifier="i_14-384-time-series-analysis-fall-2013.lecture-notes.MIT14_384F13_lec20.pdf"
          identifierref="r_contents.lecture-notes.MIT14_384F13_lec20.pdf">
				<title>Lecture Notes 20: Cointegration</title>
				</item>
				<item identifier="i_14-384-time-series-analysis-fall-2013.lecture-notes.MIT14_384F13_lec14.pdf"
          identifierref="r_contents.lecture-notes.MIT14_384F13_lec14.pdf">
				<title>Lecture Notes 14: Factor Models</title>
				</item>
				<item identifier="i_14-384-time-series-analysis-fall-2013.lecture-notes.MIT14_384F13_lec15.pdf"
          identifierref="r_contents.lecture-notes.MIT14_384F13_lec15.pdf">
				<title>Lecture Notes 15: Factor Models Part 2</title>
				</item>
				<item identifier="i_14-384-time-series-analysis-fall-2013.lecture-notes.MIT14_384F13_lec26.pdf"
          identifierref="r_contents.lecture-notes.MIT14_384F13_lec26.pdf">
				<title>Lecture Notes 26: MCMC: Gibbs Sampling</title>
				</item>
				<item identifier="i_14-384-time-series-analysis-fall-2013.lecture-notes.MIT14_384F13_lec5.pdf"
          identifierref="r_contents.lecture-notes.MIT14_384F13_lec5.pdf">
				<title>Lecture Notes 5: Spectrum Estimation and Information Criteria</title>
				</item>
				<item identifier="i_14-384-time-series-analysis-fall-2013.lecture-notes.MIT14_384F13_lec22.pdf"
          identifierref="r_contents.lecture-notes.MIT14_384F13_lec22.pdf">
				<title>Lecture Notes 22: State-space models, ML estimation, DSGE models</title>
				</item>
				<item identifier="i_14-384-time-series-analysis-fall-2013.lecture-notes.MIT14_384F13_lec3.pdf"
          identifierref="r_contents.lecture-notes.MIT14_384F13_lec3.pdf">
				<title>Lecture Notes 3: More HAC and Intro to Spectrum</title>
				</item>
				<item identifier="i_14-384-time-series-analysis-fall-2013.lecture-notes.MIT14_384F13_lec17.pdf"
          identifierref="r_contents.lecture-notes.MIT14_384F13_lec17.pdf">
				<title>Lecture Notes 17: Unit Roots</title>
				</item>
				<item identifier="i_14-384-time-series-analysis-fall-2013.lecture-notes.MIT14_384F13_lec18.pdf"
          identifierref="r_contents.lecture-notes.MIT14_384F13_lec18.pdf">
				<title>Lecture Notes 18: More Non-Stationarity</title>
				</item>
				<item identifier="i_14-384-time-series-analysis-fall-2013.lecture-notes.MIT14_384F13_lec23and24.pdf"
          identifierref="r_contents.lecture-notes.MIT14_384F13_lec23and24.pdf">
				<title>Lecture Notes 23-24: Intro to Bayes approach, Reasons to be Bayesian</title>
				</item>
				<item identifier="i_14-384-time-series-analysis-fall-2013.lecture-notes.MIT14_384F13_lec2.pdf"
          identifierref="r_contents.lecture-notes.MIT14_384F13_lec2.pdf">
				<title>Lecture Notes 2: Limit Theorems, OLS, and HAC</title>
				</item>
				<item identifier="i_14-384-time-series-analysis-fall-2013.lecture-notes.MIT14_384F13_lec10.pdf"
          identifierref="r_contents.lecture-notes.MIT14_384F13_lec10.pdf">
				<title>Lecture Notes 10: Introduction to VARs</title>
				</item>
				<item identifier="i_14-384-time-series-analysis-fall-2013.lecture-notes.MIT14_384F13_lec6.pdf"
          identifierref="r_contents.lecture-notes.MIT14_384F13_lec6.pdf">
				<title>Lecture Notes 6: GMM</title>
				</item>
				<item identifier="i_14-384-time-series-analysis-fall-2013.lecture-notes.MIT14_384F13_lec7and8.pdf"
          identifierref="r_contents.lecture-notes.MIT14_384F13_lec7and8.pdf">
				<title>Lecture Notes 7-8: Weak IV</title>
				</item>
				<item identifier="i_14-384-time-series-analysis-fall-2013.lecture-notes.MIT14_384F13_lec11.pdf"
          identifierref="r_contents.lecture-notes.MIT14_384F13_lec11.pdf">
				<title>Lecture Notes 11: VARs</title>
				</item>
			</item>
            <item identifier="i_terms"
                  identifierref="r_common.terms.index.htm"
                  ocw:sectionTemplateType="GlobalSection"
                  ocw:sectionTemplateVersion="2014-8-11">
				<title>Legal Notices</title>
			</item>
            <item identifier="i_terms"
                  identifierref="r_common.terms.index.htm"
                  ocw:sectionTemplateType="GlobalSection"
                  ocw:sectionTemplateVersion="2014-8-11">
				<title>Privacy Statement</title>
			</item>
            <item identifier="i_terms.trademarks"
                  identifierref="r_common.terms.trademarks.index.htm"
                  ocw:sectionTemplateType="GlobalSection"
                  ocw:sectionTemplateVersion="2014-8-11">
				<title>Trademark Notices</title>
			</item>
        </organization>
    </organizations>
    <resources>
        <resource identifier="r_contents.recitations.MIT14_384F13_rec3.pdf"
                  type="other"
                  href="contents/recitations/MIT14_384F13_rec3.pdf">
            <metadata>
                <adlcp:location>contents/recitations/MIT14_384F13_rec3.pdf.xml</adlcp:location>
            </metadata>
            <file href="contents/recitations/MIT14_384F13_rec3.pdf"/>
                        
        </resource>
        <resource identifier="r_contents.recitations.MIT14_384F13_rec2.pdf"
                  type="other"
                  href="contents/recitations/MIT14_384F13_rec2.pdf">
            <metadata>
                <adlcp:location>contents/recitations/MIT14_384F13_rec2.pdf.xml</adlcp:location>
            </metadata>
            <file href="contents/recitations/MIT14_384F13_rec2.pdf"/>
                        
        </resource>
        <resource identifier="r_contents.lecture-notes.MIT14_384F13_lec9.pdf"
                  type="other"
                  href="contents/lecture-notes/MIT14_384F13_lec9.pdf">
            <metadata>
                <adlcp:location>contents/lecture-notes/MIT14_384F13_lec9.pdf.xml</adlcp:location>
            </metadata>
            <file href="contents/lecture-notes/MIT14_384F13_lec9.pdf"/>
                        
        </resource>
        <resource identifier="r_contents.Syllabus.index.htm"
                  type="webcontent"
                  href="contents/Syllabus/index.htm">
            <metadata>
                <adlcp:location>contents/Syllabus/index.htm.xml</adlcp:location>
            </metadata>
            <file href="contents/Syllabus/index.htm"/>
            <dependency identifierref="webrenderrequirements.14-384-time-series-analysis-fall-2013"/>            
        </resource>
        <resource identifier="r_contents.index.htm"
                  type="webcontent"
                  href="contents/index.htm">
            <metadata>
                <adlcp:location>contents/index.htm.xml</adlcp:location>
            </metadata>
            <file href="contents/index.htm"/>
            <dependency identifierref="webrenderrequirements.14-384-time-series-analysis-fall-2013"/>            
        </resource>
        <resource identifier="r_contents.this-course-at-mit.14-384_classroom-1.jpg"
                  type="other"
                  href="contents/this-course-at-mit/14-384_classroom-1.jpg">
            <metadata>
                <adlcp:location>contents/this-course-at-mit/14-384_classroom-1.jpg.xml</adlcp:location>
            </metadata>
            <file href="contents/this-course-at-mit/14-384_classroom-1.jpg"/>
                        
        </resource>
        <resource identifier="r_contents.assignments-and-exams.index.htm"
                  type="webcontent"
                  href="contents/assignments-and-exams/index.htm">
            <metadata>
                <adlcp:location>contents/assignments-and-exams/index.htm.xml</adlcp:location>
            </metadata>
            <file href="contents/assignments-and-exams/index.htm"/>
            <dependency identifierref="webrenderrequirements.14-384-time-series-analysis-fall-2013"/>            
        </resource>
        <resource identifier="r_contents.lecture-notes.MIT14_384F13_lec21.pdf"
                  type="other"
                  href="contents/lecture-notes/MIT14_384F13_lec21.pdf">
            <metadata>
                <adlcp:location>contents/lecture-notes/MIT14_384F13_lec21.pdf.xml</adlcp:location>
            </metadata>
            <file href="contents/lecture-notes/MIT14_384F13_lec21.pdf"/>
                        
        </resource>
        <resource identifier="r_contents.recitations.MIT14_384F13_rec11.pdf"
                  type="other"
                  href="contents/recitations/MIT14_384F13_rec11.pdf">
            <metadata>
                <adlcp:location>contents/recitations/MIT14_384F13_rec11.pdf.xml</adlcp:location>
            </metadata>
            <file href="contents/recitations/MIT14_384F13_rec11.pdf"/>
                        
        </resource>
        <resource identifier="r_contents.lecture-notes.MIT14_384F13_lec22.pdf"
                  type="other"
                  href="contents/lecture-notes/MIT14_384F13_lec22.pdf">
            <metadata>
                <adlcp:location>contents/lecture-notes/MIT14_384F13_lec22.pdf.xml</adlcp:location>
            </metadata>
            <file href="contents/lecture-notes/MIT14_384F13_lec22.pdf"/>
                        
        </resource>
        <resource identifier="r_contents.calendar.index.htm"
                  type="webcontent"
                  href="contents/calendar/index.htm">
            <metadata>
                <adlcp:location>contents/calendar/index.htm.xml</adlcp:location>
            </metadata>
            <file href="contents/calendar/index.htm"/>
            <dependency identifierref="webrenderrequirements.14-384-time-series-analysis-fall-2013"/>            
        </resource>
        <resource identifier="r_contents.assignments-and-exams.MIT14_384F13_problems.pdf"
                  type="other"
                  href="contents/assignments-and-exams/MIT14_384F13_problems.pdf">
            <metadata>
                <adlcp:location>contents/assignments-and-exams/MIT14_384F13_problems.pdf.xml</adlcp:location>
            </metadata>
            <file href="contents/assignments-and-exams/MIT14_384F13_problems.pdf"/>
                        
        </resource>
        <resource identifier="r_contents.lecture-notes.MIT14_384F13_lec20.pdf"
                  type="other"
                  href="contents/lecture-notes/MIT14_384F13_lec20.pdf">
            <metadata>
                <adlcp:location>contents/lecture-notes/MIT14_384F13_lec20.pdf.xml</adlcp:location>
            </metadata>
            <file href="contents/lecture-notes/MIT14_384F13_lec20.pdf"/>
                        
        </resource>
        <resource identifier="r_contents.lecture-notes.MIT14_384F13_lec3.pdf"
                  type="other"
                  href="contents/lecture-notes/MIT14_384F13_lec3.pdf">
            <metadata>
                <adlcp:location>contents/lecture-notes/MIT14_384F13_lec3.pdf.xml</adlcp:location>
            </metadata>
            <file href="contents/lecture-notes/MIT14_384F13_lec3.pdf"/>
                        
        </resource>
        <resource identifier="r_contents.lecture-notes.MIT14_384F13_lec26.pdf"
                  type="other"
                  href="contents/lecture-notes/MIT14_384F13_lec26.pdf">
            <metadata>
                <adlcp:location>contents/lecture-notes/MIT14_384F13_lec26.pdf.xml</adlcp:location>
            </metadata>
            <file href="contents/lecture-notes/MIT14_384F13_lec26.pdf"/>
                        
        </resource>
        <resource identifier="r_contents.recitations.index.htm"
                  type="webcontent"
                  href="contents/recitations/index.htm">
            <metadata>
                <adlcp:location>contents/recitations/index.htm.xml</adlcp:location>
            </metadata>
            <file href="contents/recitations/index.htm"/>
            <dependency identifierref="webrenderrequirements.14-384-time-series-analysis-fall-2013"/>            
        </resource>
        <resource identifier="r_contents.lecture-notes.MIT14_384F13_lec16.pdf"
                  type="other"
                  href="contents/lecture-notes/MIT14_384F13_lec16.pdf">
            <metadata>
                <adlcp:location>contents/lecture-notes/MIT14_384F13_lec16.pdf.xml</adlcp:location>
            </metadata>
            <file href="contents/lecture-notes/MIT14_384F13_lec16.pdf"/>
                        
        </resource>
        <resource identifier="r_contents.assignments-and-exams.MIT14_384F13_exam.pdf"
                  type="other"
                  href="contents/assignments-and-exams/MIT14_384F13_exam.pdf">
            <metadata>
                <adlcp:location>contents/assignments-and-exams/MIT14_384F13_exam.pdf.xml</adlcp:location>
            </metadata>
            <file href="contents/assignments-and-exams/MIT14_384F13_exam.pdf"/>
                        
        </resource>
        <resource identifier="r_contents.lecture-notes.MIT14_384F13_lec12and13.pdf"
                  type="other"
                  href="contents/lecture-notes/MIT14_384F13_lec12and13.pdf">
            <metadata>
                <adlcp:location>contents/lecture-notes/MIT14_384F13_lec12and13.pdf.xml</adlcp:location>
            </metadata>
            <file href="contents/lecture-notes/MIT14_384F13_lec12and13.pdf"/>
                        
        </resource>
        <resource identifier="r_contents.lecture-notes.MIT14_384F13_lec6.pdf"
                  type="other"
                  href="contents/lecture-notes/MIT14_384F13_lec6.pdf">
            <metadata>
                <adlcp:location>contents/lecture-notes/MIT14_384F13_lec6.pdf.xml</adlcp:location>
            </metadata>
            <file href="contents/lecture-notes/MIT14_384F13_lec6.pdf"/>
                        
        </resource>
        <resource identifier="r_contents.lecture-notes.MIT14_384F13_lec10.pdf"
                  type="other"
                  href="contents/lecture-notes/MIT14_384F13_lec10.pdf">
            <metadata>
                <adlcp:location>contents/lecture-notes/MIT14_384F13_lec10.pdf.xml</adlcp:location>
            </metadata>
            <file href="contents/lecture-notes/MIT14_384F13_lec10.pdf"/>
                        
        </resource>
        <resource identifier="r_contents.recitations.MIT14_384F13_rec7.pdf"
                  type="other"
                  href="contents/recitations/MIT14_384F13_rec7.pdf">
            <metadata>
                <adlcp:location>contents/recitations/MIT14_384F13_rec7.pdf.xml</adlcp:location>
            </metadata>
            <file href="contents/recitations/MIT14_384F13_rec7.pdf"/>
                        
        </resource>
        <resource identifier="r_contents.recitations.MIT14_384F13_rec9.pdf"
                  type="other"
                  href="contents/recitations/MIT14_384F13_rec9.pdf">
            <metadata>
                <adlcp:location>contents/recitations/MIT14_384F13_rec9.pdf.xml</adlcp:location>
            </metadata>
            <file href="contents/recitations/MIT14_384F13_rec9.pdf"/>
                        
        </resource>
        <resource identifier="r_contents.lecture-notes.MIT14_384F13_lec15.pdf"
                  type="other"
                  href="contents/lecture-notes/MIT14_384F13_lec15.pdf">
            <metadata>
                <adlcp:location>contents/lecture-notes/MIT14_384F13_lec15.pdf.xml</adlcp:location>
            </metadata>
            <file href="contents/lecture-notes/MIT14_384F13_lec15.pdf"/>
                        
        </resource>
        <resource identifier="r_contents.this-course-at-mit.14-384_classroom-2.jpg"
                  type="other"
                  href="contents/this-course-at-mit/14-384_classroom-2.jpg">
            <metadata>
                <adlcp:location>contents/this-course-at-mit/14-384_classroom-2.jpg.xml</adlcp:location>
            </metadata>
            <file href="contents/this-course-at-mit/14-384_classroom-2.jpg"/>
                        
        </resource>
        <resource identifier="r_contents.lecture-notes.MIT14_384F13_lec25.pdf"
                  type="other"
                  href="contents/lecture-notes/MIT14_384F13_lec25.pdf">
            <metadata>
                <adlcp:location>contents/lecture-notes/MIT14_384F13_lec25.pdf.xml</adlcp:location>
            </metadata>
            <file href="contents/lecture-notes/MIT14_384F13_lec25.pdf"/>
                        
        </resource>
        <resource identifier="r_contents.this-course-at-mit.index.htm"
                  type="webcontent"
                  href="contents/this-course-at-mit/index.htm">
            <metadata>
                <adlcp:location>contents/this-course-at-mit/index.htm.xml</adlcp:location>
            </metadata>
            <file href="contents/this-course-at-mit/index.htm"/>
            <dependency identifierref="webrenderrequirements.14-384-time-series-analysis-fall-2013"/>            
        </resource>
        <resource identifier="r_contents.recitations.MIT14_384F13_rec10.pdf"
                  type="other"
                  href="contents/recitations/MIT14_384F13_rec10.pdf">
            <metadata>
                <adlcp:location>contents/recitations/MIT14_384F13_rec10.pdf.xml</adlcp:location>
            </metadata>
            <file href="contents/recitations/MIT14_384F13_rec10.pdf"/>
                        
        </resource>
        <resource identifier="r_contents.lecture-notes.MIT14_384F13_lec17.pdf"
                  type="other"
                  href="contents/lecture-notes/MIT14_384F13_lec17.pdf">
            <metadata>
                <adlcp:location>contents/lecture-notes/MIT14_384F13_lec17.pdf.xml</adlcp:location>
            </metadata>
            <file href="contents/lecture-notes/MIT14_384F13_lec17.pdf"/>
                        
        </resource>
        <resource identifier="r_contents.lecture-notes.MIT14_384F13_lec7and8.pdf"
                  type="other"
                  href="contents/lecture-notes/MIT14_384F13_lec7and8.pdf">
            <metadata>
                <adlcp:location>contents/lecture-notes/MIT14_384F13_lec7and8.pdf.xml</adlcp:location>
            </metadata>
            <file href="contents/lecture-notes/MIT14_384F13_lec7and8.pdf"/>
                        
        </resource>
        <resource identifier="r_contents.recitations.MIT14_384F13_rec8.pdf"
                  type="other"
                  href="contents/recitations/MIT14_384F13_rec8.pdf">
            <metadata>
                <adlcp:location>contents/recitations/MIT14_384F13_rec8.pdf.xml</adlcp:location>
            </metadata>
            <file href="contents/recitations/MIT14_384F13_rec8.pdf"/>
                        
        </resource>
        <resource identifier="r_contents.lecture-notes.MIT14_384F13_lec19.pdf"
                  type="other"
                  href="contents/lecture-notes/MIT14_384F13_lec19.pdf">
            <metadata>
                <adlcp:location>contents/lecture-notes/MIT14_384F13_lec19.pdf.xml</adlcp:location>
            </metadata>
            <file href="contents/lecture-notes/MIT14_384F13_lec19.pdf"/>
                        
        </resource>
        <resource identifier="r_contents.readings.index.htm"
                  type="webcontent"
                  href="contents/readings/index.htm">
            <metadata>
                <adlcp:location>contents/readings/index.htm.xml</adlcp:location>
            </metadata>
            <file href="contents/readings/index.htm"/>
            <dependency identifierref="webrenderrequirements.14-384-time-series-analysis-fall-2013"/>            
        </resource>
        <resource identifier="r_contents.recitations.MIT14_384F13_rec4.pdf"
                  type="other"
                  href="contents/recitations/MIT14_384F13_rec4.pdf">
            <metadata>
                <adlcp:location>contents/recitations/MIT14_384F13_rec4.pdf.xml</adlcp:location>
            </metadata>
            <file href="contents/recitations/MIT14_384F13_rec4.pdf"/>
                        
        </resource>
        <resource identifier="r_contents.lecture-notes.MIT14_384F13_lec18.pdf"
                  type="other"
                  href="contents/lecture-notes/MIT14_384F13_lec18.pdf">
            <metadata>
                <adlcp:location>contents/lecture-notes/MIT14_384F13_lec18.pdf.xml</adlcp:location>
            </metadata>
            <file href="contents/lecture-notes/MIT14_384F13_lec18.pdf"/>
                        
        </resource>
        <resource identifier="r_contents.lecture-notes.MIT14_384F13_lec5.pdf"
                  type="other"
                  href="contents/lecture-notes/MIT14_384F13_lec5.pdf">
            <metadata>
                <adlcp:location>contents/lecture-notes/MIT14_384F13_lec5.pdf.xml</adlcp:location>
            </metadata>
            <file href="contents/lecture-notes/MIT14_384F13_lec5.pdf"/>
                        
        </resource>
        <resource identifier="r_contents.14-384f13.jpg"
                  type="other" href="contents/14-384f13.jpg">
            <metadata>
                <adlcp:location>contents/14-384f13.jpg.xml</adlcp:location>
            </metadata>
            <file href="contents/14-384f13.jpg"/>
                        
        </resource>
        <resource identifier="r_contents.lecture-notes.MIT14_384F13_lec2.pdf"
                  type="other"
                  href="contents/lecture-notes/MIT14_384F13_lec2.pdf">
            <metadata>
                <adlcp:location>contents/lecture-notes/MIT14_384F13_lec2.pdf.xml</adlcp:location>
            </metadata>
            <file href="contents/lecture-notes/MIT14_384F13_lec2.pdf"/>
                        
        </resource>
        <resource identifier="r_contents.lecture-notes.MIT14_384F13_lec14.pdf"
                  type="other"
                  href="contents/lecture-notes/MIT14_384F13_lec14.pdf">
            <metadata>
                <adlcp:location>contents/lecture-notes/MIT14_384F13_lec14.pdf.xml</adlcp:location>
            </metadata>
            <file href="contents/lecture-notes/MIT14_384F13_lec14.pdf"/>
                        
        </resource>
        <resource identifier="r_contents.recitations.MIT14_384F13_rec1.pdf"
                  type="other"
                  href="contents/recitations/MIT14_384F13_rec1.pdf">
            <metadata>
                <adlcp:location>contents/recitations/MIT14_384F13_rec1.pdf.xml</adlcp:location>
            </metadata>
            <file href="contents/recitations/MIT14_384F13_rec1.pdf"/>
                        
        </resource>
        <resource identifier="r_contents.14-384f13-th.jpg"
                  type="other"
                  href="contents/14-384f13-th.jpg">
            <metadata>
                <adlcp:location>contents/14-384f13-th.jpg.xml</adlcp:location>
            </metadata>
            <file href="contents/14-384f13-th.jpg"/>
                        
        </resource>
        <resource identifier="r_contents.recitations.MIT14_384F13_rec6.pdf"
                  type="other"
                  href="contents/recitations/MIT14_384F13_rec6.pdf">
            <metadata>
                <adlcp:location>contents/recitations/MIT14_384F13_rec6.pdf.xml</adlcp:location>
            </metadata>
            <file href="contents/recitations/MIT14_384F13_rec6.pdf"/>
                        
        </resource>
        <resource identifier="r_contents.recitations.MIT14_384F13_rec12.pdf"
                  type="other"
                  href="contents/recitations/MIT14_384F13_rec12.pdf">
            <metadata>
                <adlcp:location>contents/recitations/MIT14_384F13_rec12.pdf.xml</adlcp:location>
            </metadata>
            <file href="contents/recitations/MIT14_384F13_rec12.pdf"/>
                        
        </resource>
        <resource identifier="r_contents.recitations.MIT14_384F13_rec5.pdf"
                  type="other"
                  href="contents/recitations/MIT14_384F13_rec5.pdf">
            <metadata>
                <adlcp:location>contents/recitations/MIT14_384F13_rec5.pdf.xml</adlcp:location>
            </metadata>
            <file href="contents/recitations/MIT14_384F13_rec5.pdf"/>
                        
        </resource>
        <resource identifier="r_contents.lecture-notes.MIT14_384F13_lec23and24.pdf"
                  type="other"
                  href="contents/lecture-notes/MIT14_384F13_lec23and24.pdf">
            <metadata>
                <adlcp:location>contents/lecture-notes/MIT14_384F13_lec23and24.pdf.xml</adlcp:location>
            </metadata>
            <file href="contents/lecture-notes/MIT14_384F13_lec23and24.pdf"/>
                        
        </resource>
        <resource identifier="r_contents.recitations.MIT14_384F13_rec2matlab.pdf"
                  type="other"
                  href="contents/recitations/MIT14_384F13_rec2matlab.pdf">
            <metadata>
                <adlcp:location>contents/recitations/MIT14_384F13_rec2matlab.pdf.xml</adlcp:location>
            </metadata>
            <file href="contents/recitations/MIT14_384F13_rec2matlab.pdf"/>
                        
        </resource>
        <resource identifier="r_contents.this-course-at-mit.14-384_stat-students.png"
                  type="other"
                  href="contents/this-course-at-mit/14-384_stat-students.png">
            <metadata>
                <adlcp:location>contents/this-course-at-mit/14-384_stat-students.png.xml</adlcp:location>
            </metadata>
            <file href="contents/this-course-at-mit/14-384_stat-students.png"/>
                        
        </resource>
        <resource identifier="r_contents.lecture-notes.index.htm"
                  type="webcontent"
                  href="contents/lecture-notes/index.htm">
            <metadata>
                <adlcp:location>contents/lecture-notes/index.htm.xml</adlcp:location>
            </metadata>
            <file href="contents/lecture-notes/index.htm"/>
            <dependency identifierref="webrenderrequirements.14-384-time-series-analysis-fall-2013"/>            
        </resource>
        <resource identifier="r_contents.lecture-notes.MIT14_384F13_lec11.pdf"
                  type="other"
                  href="contents/lecture-notes/MIT14_384F13_lec11.pdf">
            <metadata>
                <adlcp:location>contents/lecture-notes/MIT14_384F13_lec11.pdf.xml</adlcp:location>
            </metadata>
            <file href="contents/lecture-notes/MIT14_384F13_lec11.pdf"/>
                        
        </resource>
        <resource identifier="r_contents.lecture-notes.MIT14_384F13_lec1.pdf"
                  type="other"
                  href="contents/lecture-notes/MIT14_384F13_lec1.pdf">
            <metadata>
                <adlcp:location>contents/lecture-notes/MIT14_384F13_lec1.pdf.xml</adlcp:location>
            </metadata>
            <file href="contents/lecture-notes/MIT14_384F13_lec1.pdf"/>
                        
        </resource>
        <resource identifier="r_contents.lecture-notes.MIT14_384F13_lec4.pdf"
                  type="other"
                  href="contents/lecture-notes/MIT14_384F13_lec4.pdf">
            <metadata>
                <adlcp:location>contents/lecture-notes/MIT14_384F13_lec4.pdf.xml</adlcp:location>
            </metadata>
            <file href="contents/lecture-notes/MIT14_384F13_lec4.pdf"/>
                        
        </resource>        
        <resource identifier="r_common.search.AdvancedSearch.htm"
                  type="webcontent"
                  href="common/search/AdvancedSearch.htm">
            <file href="common/search/AdvancedSearch.htm"/>
            <dependency identifierref="webrenderrequirements.14-384-time-series-analysis-fall-2013"/>            
        </resource>
        <resource identifier="r_common.jsp.feedback.htm"
                  type="webcontent"
                  href="common/jsp/feedback.htm">
            <file href="common/jsp/feedback.htm"/>
            <dependency identifierref="webrenderrequirements.14-384-time-series-analysis-fall-2013"/>            
        </resource>
        <resource identifier="r_common.terms.index.htm"
                  type="webcontent"
                  href="common/terms/index.htm">
            <file href="common/terms/share.png"/>
            <file href="common/terms/remix.png"/>
            <file href="common/terms/by.png"/>
            <file href="common/terms/nc.png"/>
            <file href="common/terms/sa.png"/>
            <file href="common/terms/deedheadyellow.png"/>
            <file href="common/terms/freedomsheader.png"/>
            <file href="common/terms/limitationsheader.png"/>
            <file href="common/terms/deedfootyellow.png"/>
            <dependency identifierref="webrenderrequirements.14-384-time-series-analysis-fall-2013"/>            
        </resource>
        <resource identifier="r_common.terms.trademarks.index.htm"
                  type="webcontent"
                  href="common/terms/trademarks/index.htm">
            <file href="common/terms/trademarks/index.htm"/>
            <dependency identifierref="webrenderrequirements.14-384-time-series-analysis-fall-2013"/>            
        </resource>
        <resource identifier="webrenderrequirements.14-384-time-series-analysis-fall-2013"
                  type="webcontent">
        	<file href="common/styles/base.css"/>
        	<file href="common/styles/courses.css"/>
        	<file href="common/styles/courses_new.css"/>
        	<file href="common/styles/educator.css"/>
        	<file href="common/styles/global.css"/>
        	<file href="common/styles/grid.css"/>
        	<file href="common/styles/highslide.css"/>
        	<file href="common/styles/highslide-ie6.css"/>
        	<file href="common/styles/jquery.bubblepopup.css"/>
        	<file href="common/styles/jquery.jscrollpane.css"/>
        	<file href="common/styles/jquery-ui.css"/>
        	<file href="common/styles/menu.css"/>
        	<file href="common/styles/scholar2.css"/>
        	<file href="common/styles/media_tabs.css"/>
        	<file href="common/scripts/bubble-popup-offline.js"/>
        	<file href="common/scripts/jquery.js"/>
        	<file href="common/scripts/ocw-media-utils.js"/>
        	<file href="common/scripts/ocw-media-utils-offline.js"/>
        	<file href="common/scripts/highslide-with-gallery.js"/>
        	<file href="common/scripts/jquery.bubblepopup.min.js"/>
        	<file href="common/scripts/jquery.jscrollpane.min.js"/>
        	<file href="common/scripts/jquery-ui.min.js"/>
        	<file href="common/scripts/jQuizMe-uncompressed.js"/>
        	<file href="common/scripts/ocw-offline.js"/>
        	<file href="common/scripts/expandy.js"/>
        	<file href="common/scripts/chart.js"/>
        	<file href="common/scripts/jquery.anythingslider.js"/>
        	<file href="common/images/ocw_mast.png"/>
        	<file href="common/images/button_subscribe.png"/>
        	<file href="common/images/icon_fb.png"/>
        	<file href="common/images/icon_tw.png"/>
        	<file href="common/images/icon-question-ovt.png"/>
        	<file href="common/images/icon-question-svt.png"/>
        	<file href="common/images/icon-question-avt.png"/>
        	<file href="common/images/top-nav_home.png"/>
        	<file href="common/images/button_search.png"/>
        	<file href="common/images/bg_top.png"/>
        	<file href="common/images/bg_social.png"/>
        	<file href="common/images/bg_mega-courses.png"/>
        	<file href="common/images/bg_center2.png"/>
        	<file href="common/images/bg_course-nav_current.png"/>
        	<file href="common/images/button_donate-now.png"/>
        	<file href="common/images/logo_mit.png"/>
        	<file href="common/images/logo_ocwc.gif"/>
        	<file href="common/images/cc_by-nc-sa.png"/>
        	<file href="common/images/logo_dow.png"/>
        	<file href="common/images/logo_lockheed.png"/>
        	<file href="common/images/logo_mathworks.png"/>
        	<file href="common/images/logo_abinitio.png"/>
        	<file href="common/images/bg_bottom.png"/>
        	<file href="common/images/nav_arrow.png"/>
        	<file href="common/images/black-arrow.gif"/>
        	<file href="common/images/trans.gif"/>
        	<file href="common/images/arrow-bullet.gif"/>
        	<file href="common/images/apple-touch-icon.png"/>
        	<file href="common/images/highslide/graphics/zoomin.cur"/>
        	<file href="common/images/highslide/graphics/zoomout.cur"/>
        	<file href="common/images/highslide/graphics/controlbar2.gif"/>
        	<file href="common/images/highslide/graphics/controlbar3.gif"/>
        	<file href="common/images/highslide/graphics/controlbar4.gif"/>
        	<file href="common/images/highslide/graphics/controlbar4-hover.gif"/>
        	<file href="common/images/highslide/graphics/controlbar-black-border.gif"/>
        	<file href="common/images/highslide/graphics/controlbar-white.gif"/>
        	<file href="common/images/highslide/graphics/controlbar-white-small.gif"/>
        	<file href="common/images/highslide/graphics/fullexpand.gif"/>
        	<file href="common/images/highslide/graphics/icon.gif"/>
        	<file href="common/images/highslide/graphics/loader.gif"/>
        	<file href="common/images/highslide/graphics/loader.white.gif"/>
        	<file href="common/images/highslide/graphics/resize.gif"/>
        	<file href="common/images/highslide/graphics/close.png"/>
        	<file href="common/images/highslide/graphics/closeX.png"/>
        	<file href="common/images/highslide/graphics/controlbar-text-buttons.png"/>
        	<file href="common/images/highslide/graphics/geckodimmer.png"/>
        	<file href="common/images/highslide/graphics/scrollarrows.png"/>
        	<file href="common/images/highslide/graphics/outlines/beveled.png"/>
        	<file href="common/images/highslide/graphics/outlines/drop-shadow.png"/>
        	<file href="common/images/highslide/graphics/outlines/glossy-dark.png"/>
        	<file href="common/images/highslide/graphics/outlines/outer-glow.png"/>
        	<file href="common/images/highslide/graphics/outlines/rounded-black.png"/>
        	<file href="common/images/highslide/graphics/outlines/rounded-white.png"/>
        	<file href="common/images/highslide/graphics/outlines/Outlines.psd"/>
        	<file href="common/images/button_continue.jpg"/>
        	<file href="common/images/button_donate.jpg"/>
        	<file href="common/images/button_start.jpg"/>
        	<file href="common/images/scholar_bar_chp.png"/>
        	<file href="common/images/scholar_bar.png"/>
        	<file href="common/images/logo_pdf.jpg"/>
        	<file href="common/images/h2_trigger_open_close.gif"/>
        	<file href="common/images/bookmark.gif"/>
        	<file href="common/images/check.png"/>
        	<file href="common/images/lightbulb.png"/>
        	<file href="common/images/audio_file.gif"/>
        	<file href="common/images/audio_only_slate.gif"/>
        	<file href="common/images/video_file.gif"/>
        	<file href="common/images/back-5.png"/>
        	<file href="common/images/btn_next_resource.png"/>
        	<file href="common/images/btn_previous_resource.png"/>
        	<file href="common/images/close.png"/>
        	<file href="common/images/inacessible.gif"/>
        	<file href="common/images/jquerybubblepopup-theme/grey/ie/bottom-left.gif"/>
        	<file href="common/images/jquerybubblepopup-theme/grey/ie/bottom-middle.gif"/>
        	<file href="common/images/jquerybubblepopup-theme/grey/ie/bottom-right.gif"/>
        	<file href="common/images/jquerybubblepopup-theme/grey/ie/middle-left.gif"/>
        	<file href="common/images/jquerybubblepopup-theme/grey/ie/middle-right.gif"/>
        	<file href="common/images/jquerybubblepopup-theme/grey/ie/tail-bottom.gif"/>
        	<file href="common/images/jquerybubblepopup-theme/grey/ie/tail-left.gif"/>
        	<file href="common/images/jquerybubblepopup-theme/grey/ie/tail-right.gif"/>
        	<file href="common/images/jquerybubblepopup-theme/grey/ie/tail-top.gif"/>
        	<file href="common/images/jquerybubblepopup-theme/grey/ie/top-left.gif"/>
        	<file href="common/images/jquerybubblepopup-theme/grey/ie/top-middle.gif"/>
        	<file href="common/images/jquerybubblepopup-theme/grey/ie/top-right.gif"/>
        	<file href="common/images/jquerybubblepopup-theme/grey/bottom-left.png"/>
        	<file href="common/images/jquerybubblepopup-theme/grey/bottom-middle.png"/>
        	<file href="common/images/jquerybubblepopup-theme/grey/bottom-right.png"/>
        	<file href="common/images/jquerybubblepopup-theme/grey/middle-left.png"/>
        	<file href="common/images/jquerybubblepopup-theme/grey/middle-right.png"/>
        	<file href="common/images/jquerybubblepopup-theme/grey/tail-bottom.png"/>
        	<file href="common/images/jquerybubblepopup-theme/grey/tail-left.png"/>
        	<file href="common/images/jquerybubblepopup-theme/grey/tail-right.png"/>
        	<file href="common/images/jquerybubblepopup-theme/grey/tail-top.png"/>
        	<file href="common/images/jquerybubblepopup-theme/grey/top-left.png"/>
        	<file href="common/images/jquerybubblepopup-theme/grey/top-middle.png"/>
        	<file href="common/images/jquerybubblepopup-theme/grey/top-right.png"/>
        	<file href="common/images/educator/classroom_next.png"/>
        	<file href="common/images/educator/classroom_next_dim.png"/>
        	<file href="common/images/educator/classroom_prev.png"/>
        	<file href="common/images/educator/classroom_prev_dim.png"/>
        	<file href="common/images/educator/edu_b-blank.png"/>
        	<file href="common/images/educator/edu_b-blank-key.png"/>
        	<file href="common/images/educator/edu_b-duedate.png"/>
        	<file href="common/images/educator/edu_b-duedate-key.png"/>
        	<file href="common/images/educator/edu_b-exam.png"/>
        	<file href="common/images/educator/edu_b-exam-key.png"/>
        	<file href="common/images/educator/edu_b-lab.png"/>
        	<file href="common/images/educator/edu_b-lab-key.png"/>
        	<file href="common/images/educator/edu_b-lab-team.png"/>
        	<file href="common/images/educator/edu_b-lab-duedate.png"/>
        	<file href="common/images/educator/edu_b-leclab.png"/>
        	<file href="common/images/educator/edu_b-leclab-key.png"/>
        	<file href="common/images/educator/edu_b-lecture.png"/>
        	<file href="common/images/educator/edu_b-lecture-duedate.png"/>
        	<file href="common/images/educator/edu_b-lecture-exam.png"/>
        	<file href="common/images/educator/edu_b-lecture-key.png"/>
        	<file href="common/images/educator/edu_b-lecture-lunch.png"/>
        	<file href="common/images/educator/edu_b-lecture-preslab.png"/>
        	<file href="common/images/educator/edu_b-lecture-quiz.png"/>
        	<file href="common/images/educator/edu_b-lecture-team.png"/>
        	<file href="common/images/educator/edu_b-lecrec-key.png"/>
        	<file href="common/images/educator/edu_b-leclab-duedate.png"/>
        	<file href="common/images/educator/edu_b-lecrec.png"/>
        	<file href="common/images/educator/edu_b-lecrec-duedate.png"/>
        	<file href="common/images/educator/edu_b-noclass-quiz.png"/>
        	<file href="common/images/educator/edu_b-lunch.png"/>
        	<file href="common/images/educator/edu_b-lunch-key.png"/>
        	<file href="common/images/educator/edu_b-noclass.png"/>
        	<file href="common/images/educator/edu_b-noclass-duedate.png"/>
        	<file href="common/images/educator/edu_b-noclass-exam.png"/>
        	<file href="common/images/educator/edu_b-noclass-key.png"/>
        	<file href="common/images/educator/edu_b-office.png"/>
        	<file href="common/images/educator/edu_b-office-key.png"/>
        	<file href="common/images/educator/edu_b-present.png"/>
        	<file href="common/images/educator/edu_b-present-duedate.png"/>
        	<file href="common/images/educator/edu_b-present-key.png"/>
        	<file href="common/images/educator/edu_b-preslab.png"/>
        	<file href="common/images/educator/edu_b-preslab-key.png"/>
        	<file href="common/images/educator/edu_b-quiz-key.png"/>
        	<file href="common/images/educator/edu_b-reclab-key.png"/>
        	<file href="common/images/educator/edu_b-reclab-concert.png"/>
        	<file href="common/images/educator/edu_b-reclab.png"/>
        	<file href="common/images/educator/edu_b-noclass-concert.png"/>
        	<file href="common/images/educator/edu_b-leclab-concert.png"/>
        	<file href="common/images/educator/edu_b-concert-key.png"/>
        	<file href="common/images/educator/edu_b-concert.png"/>
        	<file href="common/images/educator/edu_b-recitation.png"/>
        	<file href="common/images/educator/edu_b-recitation-duedate.png"/>
        	<file href="common/images/educator/edu_b-recitation-exam.png"/>
        	<file href="common/images/educator/edu_b-recitation-key.png"/>
        	<file href="common/images/educator/edu_b-team.png"/>
        	<file href="common/images/educator/edu_b-team-key.png"/>
        	<file href="common/images/educator/edu_b-team-preslab.png"/>
        	<file href="common/images/educator/edu_b-work.png"/>
        	<file href="common/images/educator/edu_b-work-key.png"/>
        	<file href="common/images/educator/icon-question-cih.png"/>
        	<file href="common/images/educator/icon-question-cihw.png"/>
        	<file href="common/images/educator/icon-question-cim.png"/>
        	<file href="common/images/educator/icon-question-fas.png"/>
        	<file href="common/images/educator/icon-question-gir.png"/>
        	<file href="common/images/educator/icon-question-hass.png"/>
        	<file href="common/images/educator/icon-question-hass-s.png"/>
        	<file href="common/images/educator/icon-question-iap.png"/>
        	<file href="common/images/educator/icon-question-lab.png"/>
        	<file href="common/images/educator/icon-question-urop.png"/>
        	<file href="common/webfonts/TitilliumText22L002-webfont.woff"/>
        	<file href="common/webfonts/TitilliumText22L002-webfont.ttf"/>
        	<file href="common/webfonts/TitilliumText22L002-webfont.svg"/>
        	<file href="common/webfonts/TitilliumText22L002-webfont.eot"/>
        	<file href="common/webfonts/TitilliumText22L003-webfont.woff"/>
        	<file href="common/webfonts/TitilliumText22L003-webfont.ttf"/>
        	<file href="common/webfonts/TitilliumText22L003-webfont.eot"/>
        	<file href="common/webfonts/TitilliumText22L003-webfont.svg"/>
        	<file href="common/webfonts/TitilliumText22L005-webfont.woff"/>
        	<file href="common/webfonts/TitilliumText22L005-webfont.ttf"/>
        	<file href="common/webfonts/TitilliumText22L005-webfont.svg"/>
        	<file href="common/webfonts/TitilliumText22L005-webfont.eot"/>
        </resource>        
  </resources>
</manifest>
